-0.0297669231948446,0.290122503110803,0.0144726483184052,-0.0177994099660129,-0.56414455601949,-0.761735802026271,-1.04575474484906,0.0927322800145487,0.120008779939595,0.555043060956821,0.395086728980546,-0.25790187158937,0.311166532499863,-0.610193750493228,0.351928299930249,-0.455393405083074,0.58556697522937,0.0285733733658063,0.333146192530392,1.1147664223426,0.959525598493201,0.284249115699115,0.402196510262937,-1.61951404278072,-0.272745939927052,0.0981259158775665,0.177190965117378,0.628700266964079,0.72786030685494,-0.222772133850996,0.438420829126102,-0.0211560675460615,-0.174786056847394,0.0181690719386332,-0.321733219186891,0.38159013876602,0.0338283765823349
-1.09127303432922,-0.710109206968204,-1.03165539568587,-1.1271029964661,-2.46750348124035,-2.07367638738053,-2.28793148939647,-1.03976871706371,-1.25712496220869,-0.57857158296945,-1.61671616279336,-0.951889660932773,-1.56259460105403,-1.44087747001594,-0.785462217293285,-1.15048584688541,-1.5138893784563,-1.02655145417018,-0.724805400097506,-1.73179970292507,-0.140390314415917,0.000748645397061065,-0.654614468435448,-2.19737193144897,-1.35265663450588,-1.25248068264006,-1.10084524042759,-0.944258685521793,-2.41840281256386,-1.17637873589806,-1.1848563903728,-1.27989001156129,-1.70506892741564,-1.0340915886289,-0.778396676508236,-0.87888611132925,-1.44998902579296
0.356188648196815,0.0401899568400678,-0.105127548658149,0.263137438640339,-0.208889083697851,-0.584350061018892,-0.599141701056203,0.293715271750633,0.227242438516571,0.390545386124478,0.25555781184103,-0.145790546379449,0.215192093976588,-0.687523969099438,-0.38744004658548,-0.525895332335771,0.38566032659596,0.0319343252199968,-0.0535542155460551,-0.21901255144562,-0.461100596803415,0.173869562158348,0.331189251735229,-1.23154281897791,-0.0889601614065895,0.28640645715707,0.302499488721956,0.548746244355681,0.174456648120378,-0.193260081766582,0.341029595231682,-0.0559844629718595,0.268253553374782,0.0172587709188218,-0.620129343233433,0.107305204393915,0.386482505664025
-1.37619905865638,-0.292051130238448,-0.597665809931147,-1.14260396269712,-0.57608068728007,-1.15140478435445,-1.25318292931098,-0.257391201403526,-0.675187999830282,-0.122713713297838,-0.692625972815941,-0.522852450919146,-0.301130576628048,-0.768955097230743,-0.851872480172805,-1.02196318928969,-1.26442100428966,-0.740250478019381,-0.291570311449966,-0.587094571178221,-0.375783017706575,-0.183011728542687,-0.295797399356087,-1.04824796702276,-1.1198123843846,-1.44801665622056,-0.164992197382293,-0.49572517463351,-0.744854804366701,-1.50923387780283,-0.736506697998553,-0.697084931312814,-0.598595379646638,-0.415535053288786,-1.2028607741969,-1.52978252814757,-1.4105861150201
-2.27909240394782,-2.72777544950158,-2.87919609275243,-2.27198016503001,-2.37427137742241,-2.97577966711589,-3.48594412082106,-2.15544248587239,-3.03378733904832,-1.90265408252054,-2.47333001503537,-2.93052751596682,-2.62861803876113,-2.62799050484767,-2.7532634251159,-2.83090355267778,-2.27186764547199,-2.91121592243182,-2.76285207972321,-2.18627692438581,-2.5754718427553,-2.40120984718496,-2.35231829207597,-3.43405749635593,-3.370634211667,-2.23021612806712,-2.45782106479468,-2.08530875478936,-2.90177611195693,-2.44930881242967,-2.86001677926464,-2.42555660359577,-2.08346017886668,-2.49258646099594,-2.85063611879618,-2.41508980270571,-2.35652230169355
1.02114039577847,0.316983741311874,0.208819659934455,0.687965290835947,0.153000647003653,-0.518928649842067,-0.355083328371026,0.295816836467741,0.364645960158922,0.386891399459634,0.117069566631587,0.452259273485407,0.28414736571048,-0.1127656616618,0.179938154655807,0.407162727561789,0.786017621000636,-0.0474083120635933,0.55501535051039,1.00192315299854,0.915215958069395,0.101591871882902,0.42207107939995,-0.0510817962213321,0.660567157850763,0.52862216536474,1.14360685200849,0.103382096576625,0.913485687059987,0.113706194104524,0.636213622169524,0.44892261628112,0.799452500700434,0.379225368495357,0.312388667392568,0.473912844845104,0.89725671526462
0.385370726414307,0.427257127881474,-0.116465870303775,0.16043000327537,-0.332059134998421,-1.06807600751362,-0.99263003186803,0.154025362618407,0.0944196651839173,-0.216193966285298,0.0729789205332421,0.239978216789938,0.329039281817249,-0.270519407034024,0.298401052900054,-0.864015075349431,0.452499347224011,-0.760394544594828,0.699091561595585,0.610249052377244,-0.384543884547633,-0.0247591958195895,-0.261396044907565,-0.790956778095845,-0.0918007299541225,0.270181819223638,-0.0645921443742752,0.101201943043124,0.302141168369858,-0.334445838310878,0.297957934947174,-0.0446604384809794,0.242393766645558,0.377943589350822,-0.0876154312347668,0.370404804738512,0.250045701021477
1.03081366279138,1.18375729482642,1.12010939214139,0.953258835948031,0.552637358440698,0.394936868884965,0.187209835632014,1.38221300773965,1.26964807890108,1.35073321743981,1.20386347910644,1.22187680474173,0.936928017151716,0.583043359206067,1.27917959559722,0.699487713961529,0.911527440073089,0.407646082227852,1.14505937846863,1.07988397708475,0.975288448776708,0.97601181032692,0.979430287632723,0.157758370362948,0.997373851568543,0.715052234436764,1.19151115203372,1.10604266770516,1.24618530444942,0.880372673025189,1.14998596877486,1.03286775506761,1.23277068533236,1.1151570656411,0.89022771842582,0.821169309295517,0.72324150269747
0.972089725526901,1.18192671343088,0.606048563719622,0.669538734509542,-0.300363095682285,0.811009012922037,0.62187515365556,0.90870880452159,1.17705975889054,0.884178224612255,0.923668256442902,0.581166650679012,1.07344882616749,0.895745159587131,1.07131632646991,0.276265424468725,0.992608660218439,0.358338018091732,1.14202615020038,1.78091744232493,0.574289121449191,1.2086442932384,0.505771076236496,0.272641544637852,0.291889503655997,0.801249276332303,0.893340699155569,1.02237536269596,1.01381097650879,0.455229853968319,0.517449988045417,1.36163357395748,0.0283453695079227,0.925080459888048,1.09862997102112,0.887078787875112,0.598216551422901
0.707021019649297,0.113338614760303,0.157942225783103,0.485565468752537,0.39811445537803,0.111000350594212,-0.410213791716325,0.28309410258965,0.371286634165381,0.490070798052447,0.239139075546754,0.51238387569382,-0.18932971757415,0.090490493758049,0.314961643503803,0.571011288550974,0.981748169636903,0.0617072323284844,0.48092755434499,1.26006433784969,0.805461571170353,0.366232752262974,0.322155291628549,-0.117714310730277,0.275897805054481,0.729632877026229,0.493447417391537,-0.356113735599393,0.159443050968577,-0.543971368053441,-1.02585621237306,0.328625351305952,0.0745777415277872,0.0315057134584578,0.816998195245608,0.76788469630773,0.468262413223926
0.776231642575569,1.49060505564764,0.776430540136354,0.689363378168444,0.478586631494739,0.0512739440563056,-0.785052089269005,1.21145992140816,0.771510358772458,0.963560789875475,0.810322453737205,1.1667543401824,0.853225680028555,0.750737688859729,1.1039647169153,0.129451672744757,1.43123397989653,1.17760327557304,1.16268709999195,1.68796815442007,1.15146210956094,0.933912903743203,0.582032196158998,-0.697708508907429,0.468096850232788,0.704730754922292,0.561832787923768,0.652867137398581,0.956004036070796,-0.460635150482242,0.185523661243569,1.24002928931908,0.907503662165139,0.982615802073044,0.686897872587202,1.10335016727341,0.506502022401045
0.396163647052572,0.522541167829337,0.440555275912915,0.159925630662285,0.404533913386263,-0.386232560358426,-0.649106485896051,0.646978047996322,0.370461065727423,0.685608503743226,0.447684358446991,0.0585749608362672,0.717156217810626,-0.0289635568087233,0.325000356977559,0.696584975038197,0.312600914726337,0.681668667340239,0.518951410988396,0.922040691553319,0.46985659964274,0.253133548370334,0.815878101970132,-1.04045468223097,0.570322430060474,0.193391075751289,0.511073142917667,0.525874666348388,0.0768267680352889,0.222988985128551,-0.0525206673227486,0.323483109070958,0.760011636258165,0.673316381851842,-0.223917122551989,0.111054272558989,0.14242681657748
-1.43560787959729,-1.28300388107856,-1.50384155946442,-1.58743861892179,-2.1424744436753,-2.82768709625485,-2.80342731617025,-0.872598748431475,-1.16256369370702,-0.819755871276267,-0.903430241996505,-2.08832529206745,-1.10022554043257,-2.16241413448305,-1.57778006965635,-1.80981995586757,-0.972853743375169,-1.43807830640328,-1.21639389490928,-1.26478491854301,-0.580332806486852,-1.3496515886745,-1.04089422421646,-2.63637090743841,-1.36331283002136,-1.39870504318719,-1.13399504711264,-0.87598213009602,-1.57172499345545,-1.09900978071991,-0.780018281082514,-1.31991450240653,-0.500564876708515,-1.14931350219758,-1.66628737114329,-0.855351571732669,-1.71138262067297
2.7541396059807,2.23999501766447,1.86966117665024,2.21397847008862,1.60326751616312,1.68097597825894,1.51607236348942,2.19008121133448,1.83605371778803,2.26660970077937,2.41083415995514,1.33232840100052,2.1679412992598,1.74585623820937,2.27082548517181,2.16622116722228,2.65929299841416,2.09634449578974,1.98954605600204,3.48208739099832,2.79185039307191,1.96752592445047,2.03959793324023,1.78316533228541,1.94068675967342,2.5619249756152,1.86543742597424,2.09320857204296,1.801678358266,1.97187686588094,2.37930981128877,1.55214771493336,2.09394052964911,2.15512443111223,1.70558593767806,2.78070730939097,2.2983489628244
-0.0486835995581623,-0.119549196481946,-0.190048946444225,-0.229790830095353,-0.35298174394344,-0.785806536959442,-1.08979262136125,-0.242881046996243,-0.533912450359923,0.348946681055179,0.54853926258324,-0.275803133119377,-0.31973995492666,-0.835561285820465,0.106679458021222,0.553415513874785,-0.233887416259226,-0.226072055350911,-0.0996894947612038,-0.552745178445091,-1.60587121808141,-0.646485009702778,0.193310373138689,-1.19501331289884,-0.102887599699857,-0.298642589356498,0.437675561289959,-0.294653642996682,0.0811394997393066,-0.629075402080058,-0.233617488609818,0.00513259328046606,0.0895628865076604,-0.0331403288646826,-0.68456503797016,-0.101402581124468,-0.138542381358251
0.0335362232322503,-0.039003637208981,-0.168442109013321,0.0916585310820431,0.0381087925172957,-0.909719975933267,-1.26347227087519,0.294834547843685,-0.416152116818558,0.305167731255594,-0.189131568397937,0.588974831308246,-0.0703692840572542,-0.206354217889319,-0.0145394907174716,-0.350456459589557,-0.132625450092924,-0.351172836915263,0.23404320488452,0.534483650932491,0.750918265836231,0.161678070453581,-0.0987238515153614,-1.25027554566747,-0.607022026606332,-0.0527817390403174,-0.422688895492618,0.455911115672925,0.391566125212025,0.258666377745969,0.293947541718219,0.221634951177707,-0.822063048893409,0.0778659952595877,-0.463551394168596,0.237250717837522,-0.252006167241598
0.249499445258723,0.534364096181306,0.446563921677288,0.205747947458348,0.0294117219092354,-0.325663257932554,-0.630849516936774,0.671940852973828,0.832184193263413,0.89665710097626,0.732692054377686,0.425937955871196,0.755677411472681,0.349049607536408,0.450561427037177,0.393862849781018,0.164428150281419,0.0677056196148002,0.332641415816696,0.3410302898513,0.663448787265532,0.0793939559634962,0.20182722672721,-0.368327139319726,0.461801104208022,0.247621356949701,0.765630534811237,0.525463466719997,0.80588581626992,0.520320363554956,0.482577826347869,0.635994904069686,0.833353584944844,0.613119176999699,-0.342585379614936,0.576042722269384,0.138374604853241
-1.03412771977249,-0.869004684391765,-0.479268619849814,-0.615451250298461,-1.58232486834351,-1.85419742234846,-2.40559330580661,-0.444670617865017,-1.27064700600442,0.024897406509697,-0.803369662227813,-0.945519891787235,-1.04361470735867,-1.34099259853928,-0.506566733315127,-1.39277677296283,-0.724040298953938,-1.36607175849267,-0.983903303304791,0.184988888993521,-0.183138354426928,-0.547863306557659,-0.583608419675366,-2.25467530180261,-1.13605047127383,-1.10722900635442,-1.78914838365215,-0.801874205162462,-0.912406684591214,-0.662401611331567,-0.596456092478726,-0.81107352414657,-1.35792734735243,-0.77499897521497,-1.00918692602108,-0.822800469788752,-0.926140811450801
0.160507002039873,-0.0901945671778294,-0.634988882718801,-0.220796458725384,-0.824638117445857,-1.51964365656599,-1.8275223965831,-0.196251364775197,-0.514536473062002,0.0226776099510286,0.711136396485666,-0.998132855471374,0.16045573563183,-1.58825825944132,-0.465600613311165,-0.405205247108314,0.123172728180114,-0.396295935193829,-0.576414293378458,0.721389377510096,-0.142104729274646,-0.439675359653226,-0.397144782818312,-1.13701753197435,-0.281412797211731,-0.00893614487584364,-0.377394037631736,-0.262847162989527,-1.2718840522863,-0.523062718152917,-0.771145587321466,-0.701836715740289,-0.430181000173864,-0.287208135194502,-0.644622779875432,0.112766021302648,-0.498779498869398
0.969840544209856,0.780457786660692,0.618363170310091,0.762699335515363,0.61666121113041,0.519398812158454,0.305496268793329,1.25005929619046,0.44726161167769,0.928288298274667,1.50209187304236,0.40788623246966,0.686507951010071,0.850645330169346,1.0827049093001,0.66696687975377,0.834450806681591,0.327507407772986,0.992743883079418,1.40833898609597,1.56703953187597,1.0417642538312,0.403137333984268,0.404594091723368,0.714989459019607,0.85063955408264,0.767283919973222,1.19331812135273,0.858429885802685,0.830466848442033,0.912587221570937,0.634535905017299,0.676547702509512,0.612854989543329,0.837292034532095,0.669694846032959,0.60669197487499
-0.224351657234852,-0.463511737115578,-0.0607569341968638,-0.479858915652975,-0.290495300321419,-0.594337467961347,-0.919805028838252,-0.391527381969298,-0.481216093023782,-0.378036662841359,-0.47586269537478,-0.229609315193975,-0.483459469045854,-0.868437106604502,0.0205638516919564,-0.738615419155235,-0.537677459880863,-0.533469107667357,-0.187587073876898,0.0513506116228401,-0.0452033751829892,-0.18526344585385,-0.3787920694909,-0.835239074292174,-0.140678833355888,-0.642676618701103,-0.320610077985331,0.158502593659145,-0.142572024654458,-0.243155606171202,-0.226446181464914,-0.168619350927624,-0.545245821873179,-0.358321948023391,-0.444658693899213,-0.463148862327735,-0.57520074639114
-0.194263619931144,-0.54662678045535,-0.231703361146617,-0.25988122195464,-0.0795467849086074,-0.232358162923552,-0.372511684977922,-0.151517381157989,-0.50984645314879,-0.226412503520758,-0.114595566378243,0.0814313086524641,-0.479022756378773,-0.491152945587952,-1.01714509960773,-0.473119717745217,0.0731888997987657,-0.552080094936517,-0.634625213721254,-0.0331219987771384,-0.390555847970721,-0.548525800753862,-0.34451410338547,-0.252867793706016,-0.257343167626556,0.0605329800952218,-0.430750063349546,-0.476331623121371,-0.259432944817532,-0.382165996495661,-0.508486602283323,-0.276975549718818,-0.450597280422443,-0.419385273078471,-0.2715447712838,-0.056339553512902,-0.0712240975084914
-0.364007486606658,-0.270185735816368,-0.353437835006996,-0.682960563689445,0.234826033826394,-1.08961078857722,-1.51117123428603,0.195274723603262,-0.492064845110303,-0.0738615021178862,-0.597116177491886,-0.130330726891091,-0.748045546259086,-0.676688637059053,-0.868362066165329,-0.745931647506728,-0.335384869684305,-0.591512672441008,-0.873215423987916,-0.538693495836488,-0.325356676434421,-0.131971834668579,-0.45370168899811,-1.32896179534857,-0.603846175861637,-0.403928442421618,-0.444672286849476,-0.058162706997708,-0.31991741096541,-0.810372929023626,-0.242048810158304,-0.57269231923669,-0.116636244583711,-0.469656308743979,-0.238732517678302,-1.06964117059445,-0.625074137597045
0.943696912864299,0.840347351305628,0.636976743778228,0.868740193018024,0.523242815064164,0.382294172028075,0.0860696915076498,1.0170535891704,0.625664290149182,0.828341559499704,0.722463810140498,0.654537507511431,0.851989374670362,0.522489666690213,0.656095808405978,0.407650623862141,0.715689108605138,0.573721440603148,1.08031497400767,1.48681083397135,1.17769366175381,0.661076115475307,0.49218140190825,0.305900036236933,0.805372446088587,0.880888935796063,0.573781119378932,0.450006510382431,1.16858759791596,0.606913759808179,0.619877581341852,0.751332436460564,0.588404639815822,0.855421155943444,0.678251403318471,0.650810800117902,0.828941279403171
0.31386934497362,0.14286049300159,0.291463631197923,0.101958610814051,-0.111857850901776,-0.426857537774607,-0.786768456918162,0.248560922065481,0.408287398380858,0.209306007976468,-0.155239410047725,-0.063495343534515,0.147105864740103,-0.033831843493926,-0.0467346940890962,-0.0867195810844505,0.140826449620559,0.196999404831043,-0.103874929540945,0.668159778461813,0.789133511374276,-0.0891641399432325,-0.369787612589315,-0.562863486958676,0.409908730418322,-0.0276749456251836,0.218951883746091,0.00942909825797726,-0.00341892981334058,0.00749130285829915,-0.0287160267137072,-0.0322614713723709,0.503199002410424,0.317560349401849,-0.0897483663196056,0.036140028273453,-0.0116443842008098
-1.40229994542623,-0.528544645483019,-0.584302978868664,-0.97667182406308,-0.726246811857917,-1.97005749491279,-1.55837572061874,-0.83386764880174,-1.6978979094185,-0.512113889922189,-0.284059328872036,-0.296828944454124,-0.14109451638176,-0.472697000995599,-0.775706649358753,-1.97628196379958,-1.7471597944037,-0.333791646608971,-1.04899395163383,-0.836062102718949,-1.06603796506299,-0.568793139984641,-0.880540674050965,-2.16208985106087,-0.911231492660909,-1.65918334914542,-0.852242022160684,-0.771480466942006,-0.590559509900414,-1.54933172061358,-0.648552565468765,-0.332121573207014,-0.181790659750383,-0.295728305422807,-0.723449675535509,-1.47030152148412,-1.92199735607733
0.181577700487541,0.638082322585727,0.235558968680813,0.12181807111527,-0.12933688284803,-0.512329499013229,-0.728429053619297,0.946653182183601,-0.166698528215021,0.755348399155809,-0.0286281013073022,-0.170298404482651,0.329988549569039,0.489841370975379,0.928295231074685,-0.148674517444809,0.167024118866633,0.761091060103751,0.901650720063968,1.02377944681733,0.804585815099394,0.432682884763765,0.577929057438528,-0.465912911577322,0.43124380368567,-0.0519570808969855,-0.021166086500289,1.29528256207941,0.573675240703359,0.979618112852251,0.448258212816291,0.729717325510389,0.992224417801198,0.613046939260442,1.01489041169341,0.0453177654130316,-0.314295659879481
1.73351891265957,1.78902542699282,1.41345201993762,1.21685257289439,1.08375268340739,0.374694621735069,0.109352749947979,1.57796605671825,0.988740285359515,1.83463971373855,1.28899307433549,1.29297060295207,1.68028929763696,0.675930988753532,1.49648815415369,0.489906477959884,1.52663197992409,1.37249438705851,1.38138310495771,2.54517162037929,2.33404105488864,1.1848880746358,1.10823427722106,0.36213900498245,1.22766771159117,1.59521460343365,1.19201685420579,1.70980463462563,1.26700678155426,1.09178566585541,1.37472762822786,1.17714999487027,1.38702875784849,1.73391325152985,0.59630354273542,1.38396573437914,1.15913757338249
-0.424081279771818,0.0916001078297305,-0.283352408809928,-0.87554118814741,-0.747234104227261,-1.22625752742984,-1.05427687987523,0.093305247213808,-1.01672825030462,0.361610640098066,-0.19265445919148,-0.34851261610339,-0.024456509545608,-0.324119469586059,0.079410356958672,-1.28959409730739,-0.637031054710227,-0.337943184741488,-0.274913903653504,0.895501373308743,0.723970750156758,0.131572086116798,0.202601955275292,-2.65417878626148,-0.551915403153225,-0.601832517547974,-0.143154112125161,-0.0835703219749615,-0.644123207523212,-0.285863923391509,-0.431065661777843,-0.0483671353991962,-0.4111582878527,-0.147256054040029,-0.955169594938923,-0.709802849735838,-1.01731792659086
1.89740412475097,2.40634612864356,1.56996616218139,1.53825602135809,2.59284904614186,1.2734354208889,1.34473869197029,2.36994742599529,1.7962666196738,2.49818375269642,2.4293995543606,1.38514123481271,2.46929746974422,1.73462515918069,1.96831932416793,1.42071689779449,2.66530730872597,1.30900451241705,1.88643457790866,1.81276643322875,1.01276682730048,1.80502468290155,0.683161300964162,0.826581753088824,1.81193894457647,1.75085880608775,2.0153183576231,1.8387500042755,2.00085405032925,2.07465830030052,2.31671177946744,2.36680167530514,2.06116690304832,2.17103059802335,1.83483234694202,1.89785255733046,1.16838456907192
-0.658901752145508,-1.19909903202449,-0.668614867575144,-0.673705408087962,-0.583382401576366,-1.11065197788778,-1.34698648026045,0.0859932710672586,-1.12620270220414,-0.161712498022704,-0.722707881440051,-1.10565745769205,-0.840474791943469,-1.15072473521107,-0.32919691190686,-1.50769264611613,-0.572070984661169,-1.22684566850977,-0.777886893561378,0.143586917998973,0.1013831970453,-0.373611399348231,-0.40541816452072,-1.28048174429585,-0.893080685212324,-0.612171227891315,-0.694955701912029,0.242544624719598,-1.37756183226915,-0.771906702851559,-0.554240912273625,-1.22803154020026,-0.632949842916241,-1.07663753407886,-0.313080333347383,-0.824859028828895,-0.92823526111572
-0.0793483655659313,0.273588687335489,0.507560691678526,0.0589975642714654,-0.312900855839452,-0.860583610759792,-0.925095383136874,0.586994933833606,-1.65475071642139,0.460360887799901,-0.609212722892529,0.405348317905996,0.805536667701962,-0.362887506148455,0.297957115772167,-0.78379805956504,-0.116464954915299,-0.278419820855547,0.177402289880341,1.9766487970521,2.04026516543277,0.408459767105188,0.465306193676608,-1.01282927820075,0.349074433613974,-0.541265145798525,-1.16994308994165,0.667392137489339,0.39214646562146,0.0444560606286674,0.0564415631805896,0.53339490826306,-0.641626054929496,0.320687573166605,0.0371772472073204,-0.214775039367753,-0.597516488121261
1.33300976480721,1.44908864383083,1.06934988650418,1.1832977676175,1.49580549713861,1.33089733079282,0.680502724840145,1.91766321059731,1.3215103405463,1.3771460405706,1.11698273750589,1.12151525093591,1.28177639938598,0.732485427164967,1.43685564397359,1.26055425244699,1.33932026867814,0.713551571639922,1.33913233245018,1.10323847387864,1.227645728709,1.4530180154381,1.34184372869078,1.07804794016809,1.36912433064584,1.45488676340431,1.1879673423512,1.41894318089426,1.08358713152154,1.24596650604526,1.13876319892243,1.66962503225307,1.04003715204311,1.43550229531085,1.19982738753832,1.47989627643122,1.62905283080975
1.18173110358219,0.314893693236082,0.797756200284885,0.911381287027874,0.542746809278859,0.461913058148637,-0.126748034447797,0.37998283767155,0.636090229493039,1.2750749664852,0.938737472313941,0.586455763892201,0.332325538728118,0.252937880374628,0.663391748549727,0.461059923288243,1.12750795280018,1.14640178110961,0.305713873327998,1.3697486277195,0.8940008979767,1.3824819860898,0.819898899438988,-0.10541019261407,0.345964239536728,1.13125607233577,0.848876599859473,1.12557470361682,0.806095365506443,0.317902750160176,0.640759158874189,1.00486073554624,0.850582470308101,0.462674773142616,0.680805493665203,1.13463536489559,0.759517149856197
1.37688690554926,1.13867947651308,1.09126015351886,1.11137910219932,0.676549805053499,1.03449741166171,0.899762903168267,1.24615491370747,1.13037146057428,1.32863761973045,0.9943637251071,0.98306426811321,1.11299499890275,0.971550753345793,0.996771468233712,-0.16960431636256,1.75771128752576,0.941112056081817,1.44451565890027,0.612093021241114,0.774644695625096,0.974527053877157,1.25398650182613,0.851245483216489,0.881921991970462,1.39615389041418,0.377153857108233,1.28406720056677,1.17540554008403,1.02250217307769,1.34891927268947,1.12424681384316,1.08820180989221,1.30471604520821,1.18712834748106,1.33988359836505,1.10596951745478
1.91811421246806,2.3717229298262,1.82687498340343,1.78651954028039,1.46586534404538,1.40271058973208,0.893135086456325,2.13248733396658,1.45001801343259,2.27185859727656,1.94120599514951,1.7162578288997,2.02617140098607,1.32540425318097,1.76034299756347,0.924146539244978,1.7799205169098,1.45657036698861,2.06767942969415,1.73498775515666,1.80054291572917,1.93591657418458,1.85770935046034,0.7733438252469,1.64203383662051,2.08040341254259,1.58903090427554,2.18814492087318,2.39220018228399,1.66613245758896,1.50773993735816,2.1772136812738,1.64426523060587,2.36175113797343,0.656888945568422,1.78328453554104,1.61221698817206
0.0328368961283531,-0.347089719653916,0.330095314881707,0.0253704146899296,-0.0179562435084011,0.249542563575213,-0.158958767515635,0.117462617450678,0.211128911281328,0.602829503873025,0.0521315610308907,0.274789003489414,-0.202932897308046,-0.111126504514685,0.166708905519912,-0.479483351319866,0.0621017964027322,-0.125529547184316,0.312912489087282,1.19116933563456,1.31165405987943,0.297258346160929,0.0974355676388911,-0.342389369974212,0.372528049675507,0.073582784933262,-0.566894575996898,0.46899798304576,0.113491047320307,-0.147724701114204,0.23888909781163,0.131723478048445,0.550201287804601,-0.0510023014677392,0.781158028446912,-0.0628204211877516,-0.0502207783746288
-0.331241020387735,-0.554437136937111,-0.77386775486823,-0.452662749411525,-1.0454268135019,-1.58801267103832,-1.75680911533249,-0.192575892499558,-0.0426539611329761,-0.3466100964794,0.257231817324229,-0.682079069833241,-0.933498095319324,-0.379308021132886,-0.318467511247629,-0.750565464831859,-0.474377350024063,-0.428086577601251,-0.493344692575705,0.568135193931888,1.3895506127322,-0.46613886444593,-0.460098176773475,-1.31145480423365,-0.339016699109794,-0.404896516360533,-0.343889018499674,-0.61479123966565,-0.485179370211582,-0.575259685643313,0.00821931011064918,-0.926914137197478,-0.539077677021376,-0.482698578547772,0.0402368719616785,-0.42172068596549,-0.381391292819854
1.76125569810954,1.27186482780106,1.14244641323027,1.31149763921995,1.2647777572215,0.681556305807017,0.618556207288473,1.27020637953854,1.21288224844821,1.49618225562871,1.3461968270965,0.995769482013844,1.17692956755314,1.06063981533515,1.33474491365562,0.456938683097336,1.73154104928664,0.942752633879656,1.22640629611521,1.47835871388411,1.59502248043927,1.50912283766314,1.18338594029312,0.819964851411556,1.15936764640313,1.70828939133617,1.07884325695908,1.02362714845959,1.51255119069731,1.44313683808912,1.3071111770687,1.28105848895347,1.22306841716082,1.32154874800954,1.21105793097654,1.68358313981629,1.43724592311648
1.25072899041982,0.652804919399522,0.767551051907518,0.774934166134013,0.406629528487184,0.0925381231829161,-0.416790882373694,0.679167404785641,0.876399852045831,0.955936953128855,0.763253149243951,0.343921307945936,0.567067560207303,0.0729856192482127,0.620768505124476,-0.108882993220958,1.18871331845386,0.888782190847347,0.648897156225289,1.62104785998471,1.86083811480005,0.098951563204586,0.371251974583715,-0.53297786560872,0.897933302594513,1.07434433331247,0.535659880933141,1.05741448961857,0.846310286429678,0.121981111375995,0.354201060597031,0.868713419080014,0.74543771248125,0.622895396002912,1.27866815861471,1.07625458848316,0.978301999748228
1.50127507746507,0.938782795180462,1.05758439177661,1.32034940535321,1.1355668949242,0.661232293275897,0.433986780562246,1.30822280670263,0.876410509348146,1.49714474798838,0.865782941905618,1.02368474848843,0.926861710994542,0.768918098479186,0.983492138037209,0.744417264817072,1.23575338943328,0.716856414249333,0.965282963180215,1.73516636488899,1.46706151857163,0.907438666868388,1.25040151588237,0.264166212553723,0.85112884667249,1.12247679036679,0.889925351136711,1.04225209481486,1.07196379701868,0.999100937309336,0.64491001536887,1.27154181790718,0.937642101581359,1.10369592605045,0.530694811530143,1.14494398133116,1.23725305759762
-0.198557474314678,-0.973732920864056,-0.293765586094977,-0.076597847857658,-0.662013411380969,-1.73168443210513,-2.45281252853901,-0.974751715467313,-0.874798442671922,-0.189709829953055,-1.41678084885192,-0.432835544250419,-0.811889576978927,-1.4724761854845,-1.50682970125129,-0.911827826413982,-0.808153411169862,-0.848499772869821,-1.03252725028748,0.662534852136685,0.130486859530277,-0.679168049450247,-0.648217692964674,-2.40463363939386,-0.952028801621334,-0.770192973060224,-0.569301309453679,-0.530964730452638,-0.225868115542313,-1.60912533564711,-0.948333904951549,-0.200887419116166,-0.616066879977213,-0.644892270881871,-0.895481204020242,-0.478677398480195,-0.325795855192721
1.59443863071982,1.68686595766917,1.34395267012884,1.41392992108844,1.35406225931973,0.811418575519606,0.541078534026343,1.85638139469429,1.34902537170909,1.95779463471283,1.70508925060426,1.58357381996197,1.75727505127484,1.27634910375094,1.22136411717712,1.17214412949635,1.96095076631683,1.13640355855393,1.51454168484599,2.51661053549479,2.34582055440484,1.73459428694486,1.6937578346288,0.486239068248841,0.947065953561757,1.73530590162021,1.29466487476013,1.86727050458669,1.48488511223585,1.04832471612366,1.48790753267957,1.55064854582903,1.60823785237887,1.53324135803325,1.07572233662171,1.59767221975621,1.19519622284297
-0.613255321932129,-0.919164356633921,-0.591754226356736,-0.623605034321117,-1.48365187299808,-2.16560705066059,-2.23321512443363,-0.297554407922123,-1.09978131415269,-0.527093105650144,-0.42746935247669,-0.564765159575178,-0.372446042639071,-1.38067165901536,-2.15116276445928,-1.45104879066825,-0.220995862880978,-0.43314106510353,-0.807867682745314,0.288599318198238,0.288221448358986,-0.324362990046759,-1.05135781801843,-2.34694965724396,-0.631207228243603,-0.630475543041275,-1.03081667484432,-0.730989700541102,-0.580243449269609,-1.3855275535934,-0.751702927376512,-0.932224920335475,-0.732173711779212,-0.454088129682719,-0.0690712271168525,-0.788614724005268,-0.9333986669306
1.30663350022438,0.650765927643396,0.235257435404399,0.889844671025152,1.28618207676607,1.0341314733876,0.982668296978411,1.24747879515669,0.0872541200788378,0.924215708664507,1.19187887585882,0.216263367197796,0.632661257694747,0.282014784182536,0.603613906315213,0.571219663125334,1.04522624820102,0.989674144277015,0.436922225171385,1.53888288637598,1.86343290029952,1.24686504509654,0.988390064343526,0.481690469974298,0.348152257965971,1.11453947005165,0.547530634364711,1.18804002961169,0.750799065607739,0.776441341574806,1.01163774944805,0.825987597400346,0.753939093054902,0.51185720446214,1.58874568764138,1.08111404825058,1.21907483343978
0.612931666586653,0.118863926789983,0.17966868388703,0.32504348846879,0.00915198406414898,-0.287173428008655,-0.412622811480822,0.0910543377448747,0.0148122392587007,0.0706686118616821,-0.0635952634091961,0.173923457756418,0.158479847289179,-0.21685731258541,0.0537565315238578,0.134795139966801,0.270971824184817,0.0330606362804117,-0.1599648497821,0.380177566893384,1.17591937046604,0.385678970529704,0.0982626200701568,-0.357636972874013,0.27113283740811,0.518109128041765,-0.0489236170980562,0.173309624113149,0.279042385933431,-0.040981684942828,0.296017648200499,0.208991456039602,0.47270478415188,0.199692695615381,0.0880479748616925,0.440037333378289,0.529480869066364
0.543482177326051,0.350777047261109,0.639331764213869,0.470085280646089,0.219734099407257,-0.0282610301591272,-0.364708133617575,0.673041440088419,0.0493663598521006,0.688991307509098,0.297077281131985,0.123884068481449,0.475044915437884,-0.329420090987196,0.100672039248577,0.475281675312941,0.611426892838962,0.802412505350786,0.257662849739859,0.678074252249441,0.525791387667672,0.742356793085077,0.372010896616118,-0.472401232051976,0.79917269240154,0.601230224946078,0.312008475699993,0.721075174697725,-0.104107456910228,0.111165029423498,0.525773882703251,0.209712990910378,0.48942600466157,0.274076936185962,0.33009902284534,0.467128795537804,0.313799968454427
2.33457595145493,2.4251347888983,2.35325636544757,2.11116421873696,1.71958937017612,0.991113767797864,0.816685183692601,2.43872140753984,2.36326369009133,3.15539972866509,2.42954793000412,2.16113314588067,2.46315010712358,1.5846890617192,2.14185525570355,1.68654970236468,2.31863733543868,1.1602974752001,2.55894614865916,3.67159695888673,3.3937486321928,2.43759776403956,2.05695123167661,1.03865474535885,2.06005151353081,2.15876805766106,1.84602389287514,2.78984464823774,2.46106955057958,2.1573913072797,1.74403256427598,2.10910530720518,1.77910837133417,2.26865172118274,1.73052962502302,2.19933867951059,1.88361071846938
-0.677000977177125,0.0700739482529577,-0.51820533885972,-0.744614026777152,-1.02398658237071,-1.26741959826511,-1.31654799053169,-0.241115739078399,-0.780439615050095,-0.188657700825819,-0.811502762609567,-0.380275082693727,-0.206191739128265,-1.04885365367903,0.027366182520239,-1.40760906435475,-0.956158039443885,-1.15500499542043,-0.777519756142336,-0.177894687915239,-0.906871413527221,-0.201683437101301,-0.138894781343806,-1.00335151135101,-0.458502373160995,-0.610075251580726,-0.749744092932772,-0.329777537721425,-0.791060287592111,-0.577094978881283,-0.512892690844185,-0.550494535938443,-0.668460793184057,-0.292338435216162,-0.575569433581683,-0.922667325619605,-0.579368803428753
-0.669726701816814,-0.505117455080201,-0.642652995296047,-0.747905787618854,-0.978512765140035,-1.80249867501529,-1.61176754949487,-0.544764171228553,-1.00431467766936,-0.568261170591954,-0.885150885883308,-0.515405277621241,-0.770343256665473,-1.0228780779832,-0.13409360115977,-1.7108925490952,-0.742848566748099,-1.03643293921155,-0.8031503053671,-0.655088852444417,-0.46026603964197,-0.854347045940038,-0.712503503249379,-1.81763083464438,-0.685823742743717,-1.3142803355333,-1.11327236479011,-0.617706082153225,-1.30354837104951,-1.23906901497044,-1.36414614322691,-0.748381941259659,-0.9951984440461,-1.03846491162155,-0.771734209482828,-1.12808040011839,-0.805840882632143
1.06858036095309,2.01716997730204,1.75994030386553,1.24712344203519,1.0697783149011,0.626388704049607,0.00139226914547511,1.55831538979623,1.21378026987251,2.20153510823288,1.70940675440939,1.67254347903983,1.86969982434815,1.11741787181102,1.0866691225083,0.970102095965223,1.27139645033934,1.07572101621435,1.29867093974466,2.91105491174895,2.25736765781968,1.73964849366116,1.35079090310786,0.96581627603508,1.21875066949345,1.14915576414905,1.05567130263785,1.21808352474303,1.90461969421581,1.3869481755226,1.2981949626233,1.29227661704263,1.23019776546451,1.62347016527159,0.582055196388554,1.30993086922446,1.05798384762178
2.92510655938434,2.40660022218495,2.20080127993183,2.76946938891803,2.20597877836987,1.33310099358853,0.991332071896403,1.99911199268939,1.81945539035814,2.65560780932966,1.99513793845954,2.15959307602864,2.26254702187731,1.6886440333295,2.18453434019094,1.36622253656064,2.61992358097226,1.96582370457482,2.23175665339073,2.65379985271955,2.57494685883193,2.28234929572567,2.24674222372288,1.41290483177829,1.879142127997,2.70833812294043,2.38857263129377,1.9789225889198,2.45953048901568,1.30723480997757,3.16395383388125,2.15130436381688,2.1740798720773,2.43765785780826,1.50083719123945,2.96278735593879,2.94767575685224
0.977676886013553,-0.733800841924614,0.562491305035835,0.56239756428379,-0.272138732060044,-1.85745680448492,-2.16458242255207,-0.578995924276294,-0.469936605817789,0.221520682847219,-0.949590993413056,-0.0386773954355867,-0.6678049782841,-1.08009697490869,0.0666829277684859,-0.772986077427833,0.483386061260602,-0.0158682019691419,-0.639767789731208,1.62603781036779,0.89972371440358,-0.0639432411287522,-0.542975939778047,-2.14276812278921,0.146882974078569,0.37238075489992,0.0778451852300974,0.0933797127680032,0.274101882419353,-1.25534047759658,-0.171710178443863,0.0962926172998669,-0.049018304914872,-0.0724838450092068,-0.802391783603558,0.892144999552314,0.890037787434422
2.73020346759579,1.77435103914403,2.06938933178341,2.19492372829223,1.28469377687816,0.573206749269006,0.305674453877694,2.32803319398947,2.03914336942226,2.78346402400231,2.04992538449861,2.02296579484189,1.97764144374733,0.990873991983855,1.94365220484623,1.81124524119332,2.4513298772263,1.22355105358958,1.67704471198023,2.64004896159434,2.95262072728232,1.98781235825668,1.81379294550912,0.833032383571872,2.04408394656847,2.4304916221162,1.61542792390664,2.18869306221268,1.72469176171311,1.81811376412245,1.57432355574684,1.75514252393288,2.07884089668512,2.1651930721377,1.77025265108296,2.23648178164309,2.30022279880329
0.214721980515014,-0.070076137234191,0.145308327432341,0.0209707248788449,-0.450742499534818,-0.646058091137613,-1.18944776602229,0.0558001281259259,-0.235117023874019,0.413764088342874,0.103774456098853,0.0197476362053977,-0.334895329594407,-0.417727756491227,0.317181476965021,-0.859536753212219,0.165320300192019,-0.209178762658346,-0.0473492465854416,0.991517828715873,0.833589821124662,-0.256025829413737,-0.402546644935383,-1.13565942958945,-0.473512617071542,0.159611296917113,-0.300752320688005,0.0875386732697118,-0.0331280715919397,-0.0377074499447191,-0.286741165980956,-0.248088322239822,0.0780976762450147,0.239973303387849,-0.0949915657322896,0.352657877930017,0.108172613805763
0.937399787345108,0.885863859608971,1.07190644761747,0.97949391183578,0.799081020331658,0.196876808598664,0.0376647608594819,1.30981304791905,0.994178402931784,1.43880124238303,1.06503105280625,0.823855909783087,0.970848521520376,0.415987119554973,0.728939243102612,0.765006888805132,1.03048323763511,0.438447802062977,0.860369562229368,1.48712529472758,1.19002003976183,1.11596974437368,0.848665755528475,-0.0844646534887109,0.820865071028692,0.998799218181585,0.904221937195129,1.01274010628816,0.930026943686256,0.924665977721788,0.975800156701507,0.942148180664539,1.24030189848529,1.02410127906213,0.603971698075949,1.12287354158049,1.04664921060838
-1.45578843185583,-1.64564711989305,-1.89247867112677,-1.40513707570855,-0.750345072325991,-1.86471495372236,-2.1459130689287,-1.73220167382446,-1.89577729641143,-0.595154391689539,-1.74850825857695,-2.45018409985449,-1.41233917400826,-2.22220486797729,-1.71097232345417,-1.67605274065488,-1.81827648598717,-1.80845773636419,-1.99957726890723,-0.883918154763832,-0.445193928072421,-1.49511215342417,-1.81980620702096,-2.12990100064891,-2.01241436693401,-1.30455094665501,-1.88341030505079,-1.59528076012786,-2.04303217281264,-2.64269840880237,-1.96317563688807,-1.36050842362608,-1.09158087011198,-1.33999032237753,-1.32668840581882,-1.29691775015606,-1.25760501030011
-2.21771703592477,-3.18664478365836,-2.91271205267065,-2.07689197540927,-2.94163399111214,-4.00377694904926,-4.36358173558246,-2.85793180182416,-3.39372954946706,-2.02062498950187,-3.36105997344671,-2.57870544787381,-2.75793025501671,-4.0360169489934,-3.17987595099283,-2.84273891275721,-2.34521846015589,-2.45612297636542,-3.16457646097852,-2.31437621370299,-1.61013948644454,-2.67326546467176,-3.08784803253985,-4.62497048155947,-3.06234251528733,-2.45552528855009,-2.50367214297988,-2.59660576518639,-2.56394343555928,-3.96231244117774,-3.28607852231425,-2.19933077613357,-2.63999376429199,-2.73734219172498,-1.60369461632816,-3.49707648133461,-1.83929388869736
-0.510263576170617,-0.49608709033901,-0.847907940926641,-0.733159662429941,-1.24198807929634,-1.20543001872767,-1.39843950954711,-0.427861383697847,-0.563132365360486,-0.209508985421107,-0.707473082204069,-1.20700475338699,-0.527348555080326,-0.694789391043091,-0.227764353249948,-0.935443600235717,-0.507228884514151,-0.531191153629675,-0.532935232235795,0.310320311964267,-0.0538942006595176,-0.639971222987996,-1.02419252140984,-0.975438284476658,-0.314149565326339,-0.666291176297065,-0.688762151055237,-0.176552591880842,-0.15599696620221,-0.895305349627117,-0.975860262225256,-0.819081486276279,-1.12716224515311,-0.556700207750432,-1.4034266009647,-0.575760903172097,-0.798011126286313
0.661524874798083,0.644028882119379,0.633575502431383,0.581236776465238,0.533018044889764,-0.13962656647398,-0.43917741527252,1.2453821203985,0.421861846353349,1.61817298552262,0.789903260694426,0.510080525625154,0.415578299737527,0.463328768578244,0.967659616421409,0.413658254203313,0.815477974104201,0.181080284662686,0.607845895682024,1.16123824380657,0.687857682543078,0.59306774862195,0.64338573255406,-0.578041269312282,0.362788437802456,0.357653238171193,0.685582589513482,1.01508586077289,0.698116297775757,0.524297119759164,0.717900498434506,0.895357705719475,0.779230783586987,0.540169528388537,0.399704437424592,0.619594206961053,0.352828294687021
-0.108273961224606,-0.297977546248842,-0.659160360558034,-0.29937880097788,-0.589954338233807,-0.523437635036453,-1.23195283741015,-0.306930664375553,-0.050175442345173,-0.180979513099555,0.0492196012868413,-0.740927707326472,-0.270672687981662,-0.992871126854023,-0.239691654281403,-0.689119327984127,-0.143013837138331,-0.614488874213824,-0.648026028972586,0.384353026804357,0.0534808828146792,0.0661686229420455,-0.409555707649384,-0.964248378863597,-0.279049191095751,-0.181821473847202,-0.322146907624334,-0.10684028165955,-0.429709947386833,-0.497717328963333,-0.372759425381179,-0.310639936355309,0.116582346098303,-0.173735239697869,-0.519084321217792,-0.153647646976237,-0.088315388620513
0.518012275721717,-0.0598872378141821,0.40363863583202,0.59869412459056,-0.21059569071629,-0.824545666924645,-1.12506759861608,-0.200067932816659,0.552123417723291,0.54881806501024,0.411430268759334,-0.163641053339264,0.186150905637936,-0.15847880787448,-0.180279520768447,-0.258642993639433,0.760494105725283,0.0699621791642378,-0.125510192826616,0.0738665839235423,0.581826275804037,0.139366344030837,-0.957807891264923,-1.30488053775731,0.262820565141862,0.36367074902278,0.193122933379892,0.251158820409962,-0.493777858146773,-0.561231299911735,-0.542837852797919,0.518916121566165,-0.0962343432086515,0.216387445022114,0.301362969661086,0.496059720742319,0.602062017408616
0.0703793393954719,0.11722983305289,0.0400198780541668,0.001228964361796,-0.834271568489452,-1.2264432489819,-1.32463909653705,0.711646089011362,0.237517223942984,0.327128796534208,0.512896435506415,0.211717127693712,-0.00509594303246428,-0.387656746154844,-0.0589063032612161,-0.665830465283224,-0.00892856374210565,-0.897468357544233,0.0984281464977043,0.317391852288221,0.267958965225115,-0.441437243047168,-0.338798781912739,-0.720107912797145,-0.0825529342164544,-0.00229578935280027,-0.321907941931454,-0.136516783731071,-0.185163967002368,0.179474474000254,-0.120264260263825,-0.536529100881814,0.165551960900991,0.121647164635314,-0.494298920813771,0.0718302172822745,-0.203858410939534
-0.93925882179209,-0.815082885308183,-1.11737459125938,-0.98689223434439,-1.74588503742617,-2.25073181221732,-2.94916029559686,-0.419761026688525,-1.02395487177768,0.133746860661961,-0.750806917027665,-1.19007371730451,-0.918004375318122,-1.62158611341437,-0.623558616513427,-1.13423094365454,-1.14502880369489,-1.28542985446247,-1.0703753241243,-0.650437636871659,-0.329548025447392,-0.560528022005827,-0.655639134067261,-2.8961495847558,-1.55480478046884,-0.917590565396487,-1.28439409271324,-0.501746022913142,-1.21628006047035,-1.44311176148293,-0.999635290110855,-1.22735507427438,-0.86907877995789,-0.633573555765833,-1.16759732076302,-1.06885181685985,-0.944370505153063
0.300774031154459,0.329459330367331,0.281674056300711,0.267205026395821,0.0676894527881708,0.263799951378765,-0.0480165741731785,0.15824054731265,0.225439714289634,0.457906399798379,0.478362518489877,0.108993008145215,0.335355425275723,-0.383639889783529,0.0637593095889988,0.0194643205264507,0.605468673204533,0.0912476531337432,0.269917812360454,0.468180186057511,0.781016238777328,-0.0350746764682127,0.354893260141109,-0.069321380395427,0.433749566305572,0.271634595594424,0.606651239586118,0.148143589067874,0.337517309361799,-0.402576481150969,-0.256278458555566,0.35253276087126,0.270818040747888,0.452996830253248,-0.0225635688128346,0.384657008927117,0.119853163474575
-1.56609951530806,-1.50463672476259,-1.77351164138025,-1.52902154708789,-2.21800906733431,-3.2561171766605,-3.34811361222078,-1.65841441288321,-1.76677780528565,-1.08528075171781,-1.79896887385117,-1.38165181141852,-1.64648808947785,-2.17817967572426,-1.67597528300047,-1.94058026314164,-1.49844251904812,-2.01348871016477,-1.68131681658942,-1.45571631836085,-1.91479485013531,-1.80886283631515,-1.68560813844505,-3.18128364954846,-1.99705288913571,-1.76075618886173,-1.65036626724636,-2.04035011922026,-1.88874656790769,-1.82557594731426,-2.08481168975555,-1.69087821588612,-1.67126014033489,-1.27738846104739,-2.35062543263332,-1.86843233052336,-1.44894224399437
-1.26266795193886,-1.51101359672883,-1.38934725201688,-1.38809098783463,-2.17741044666006,-2.48749433014348,-2.75643501355806,-1.40308649396236,-1.64958025847178,-1.64995273708008,-1.9530542716539,-1.46294259639103,-1.39018930947432,-2.22789878645718,-2.13633534515351,-2.03221008952678,-1.28244125301994,-1.69519728938908,-1.81872091576567,-0.811281696223254,-1.21249409718395,-1.5464059573467,-2.37233005156604,-2.8123382653247,-1.58471405284957,-1.26140593446827,-1.73752971664534,-1.72728063782231,-1.51857011026437,-2.23195137655851,-1.8017619983631,-1.01791474690814,-1.58632626190242,-1.26272882977044,-1.24164731731091,-1.572048552328,-1.50232105858814
-1.65887651349885,-2.61593242104662,-2.14880793037574,-1.77925426821179,-2.24018083278278,-2.98462036582045,-3.36043950830456,-2.57839076694589,-2.15575331832852,-1.79635529600461,-2.19524239548969,-2.3997155840318,-2.3835878710194,-3.06816388516542,-2.57588275896947,-2.21628922963722,-2.28956690544683,-2.6651311546619,-2.6036774436279,-2.16212640749504,-1.79820194308436,-2.49006633987824,-2.24378597223462,-3.17644972379178,-2.38440535683688,-1.92305287673605,-2.36083268925055,-2.70764075884449,-2.78060772057617,-3.0373627984813,-2.24971725753036,-1.99608526490871,-1.62840023657025,-2.11421736623466,-2.15773750631049,-1.93469111546628,-1.54531421075557
0.308038326008445,0.539765649092369,0.253271975246826,0.181800266817648,-0.124158295176306,-0.720676837967306,-0.882262573077595,0.370237149841937,-0.114273157091984,0.731816826485319,0.462989149542361,0.0287939668898441,0.543741291037617,-0.82682035420727,0.256236255993738,-0.478456126982051,-0.0152973672062449,0.00611875147508008,-0.0591356588363827,1.38158296412092,1.17917683014211,0.587093127098916,0.506785034599772,-0.794809856154209,-0.0246231933781329,0.128065173958062,0.268554175889175,0.42139868597889,0.0717747245016364,-0.116298746948202,0.037089301442469,0.177587728559248,0.250019460848379,0.475284169938433,-0.14008617476466,0.0753035942027244,0.202144980590117
1.72019066289801,1.59453108547188,1.49679208920889,1.78410924879963,1.59992971440498,0.994740178987246,0.744883448432367,1.96849761022258,1.6141960283639,1.57711934113998,1.5248337240154,1.7547710684534,1.45113489022571,0.759998568113654,1.45986380701794,0.952164834953327,1.83631316781158,0.952270544361087,1.66512622682064,2.23253193130805,2.13629648487974,1.48135562410932,1.56359047372672,0.967438513002961,1.75745277621854,1.74913210058095,1.50929172899481,1.46071668236034,1.58743018387281,1.60732124071701,1.50969323539647,1.67090954097894,1.65214911292896,1.69394996915624,1.27192749169435,1.49431080718429,2.02043233971583
-0.53275432993054,-0.467692365639545,-0.364377019327059,-0.717414736614634,-0.789280781540498,-1.53369402623418,-1.70621377997671,-0.530896415245335,-0.678605467863963,-0.353955761461983,-0.378114622121737,-0.555706608035009,-0.460932174718351,-1.03516183697502,-0.497487253453222,-0.756202578254429,-0.417711004003489,-0.762699021667201,-0.694185247454805,0.270578862763921,-0.745708299635604,-0.720223146573034,-0.419498116945203,-2.00898967754128,-0.309992182543708,-0.72829636610523,-0.528858750072387,-0.641827602381473,-0.523703851027351,-0.682276527415372,-0.493676153837335,-0.463328061115307,-0.814836054085252,-0.509842771313815,-0.327172084281677,-0.555238141552956,-0.643288292359088
0.194565777813277,0.422501487223915,0.115517509402991,0.15399439618182,-0.418622987902356,-0.918483038265909,-1.07888613903039,0.288313217258115,0.109735501120882,0.757652895944749,0.623506541680329,0.139208873031548,0.357759269334567,-0.356823016187485,0.504061709071495,-0.803604174323526,0.202090176835259,-0.341479550988646,0.213049607851899,0.812190466250326,1.32161577736067,0.298660521955462,0.165503753378806,-0.940099871533733,0.248975765590992,0.429722038269762,-0.109644808033179,-0.36437562610268,-0.0334760674270675,-0.103630256702836,0.108554193974911,-0.139781390298384,0.28677594026934,0.238198215035183,-0.413825617002192,0.0566997103521715,0.00357386714559942
2.18786162568191,1.92289732572797,1.69022507818974,1.81454677469564,1.77161853661806,1.36052132240345,1.12466487370188,2.55935355856308,1.56341154297528,1.61652488326836,1.21409326154013,0.999155130071508,1.82417817004949,1.04698547301676,1.36886936420075,1.54861025939172,2.41271638402278,1.61668237311581,0.96525543823999,2.43979138109478,2.32223615358265,1.12273483519853,1.12973261272838,1.45603327521053,1.73428699787953,2.02125874624748,1.77652458255128,1.80082285636807,1.02498836353671,1.70002626812973,1.10428767499511,1.41551531854919,1.51807839006867,1.72026284902477,0.920371646792757,1.71823053549943,1.8687866741658
-0.0851167596266122,-0.410996604706841,-0.0337822095688353,-0.57101189110251,-1.60403402798998,-1.65659212309231,-2.43956393394926,-1.31675497846352,-0.498605156843439,-0.0259065956927127,-0.47439237654537,-0.541745406477595,-0.297023097630811,-1.13498861278865,-0.843778468252082,-1.51375066518908,-0.0714817753192574,0.00138871929643121,-0.238951651882652,0.0013780374917792,0.0274674893697934,-1.15280956697834,-1.06163448010611,-2.1426106330328,-0.580815757747023,-0.331761634037128,-1.24323474338918,-0.505564227565141,-0.592595062088395,-1.28916296522226,-0.796030714642034,-1.09174565837428,-0.544910425180932,-0.151006669305148,-0.773962677088676,-0.0254913300038059,-0.14254657863143
0.0100880908615815,-0.23852305048305,-0.209705284674018,-0.168653909381416,-0.0917177191885184,-0.992932042877771,-1.10313145231541,-0.254520810101219,-0.279082888280925,-0.113888437737642,-0.212803862054137,0.578691053619382,-0.126227714781558,-0.992470226000383,-0.459352403111859,-1.0754891928361,-0.0658492508863194,-0.331568146318024,-0.448874399813989,-0.546467114324252,0.0727999803130891,-0.351537108607167,-0.379384986033282,-1.58961914263807,-0.0490079334395362,0.0362859292131978,-0.592578707874199,-0.110903263901154,-0.259691303836841,-0.100003877013567,-0.284188904636549,0.0501563373782012,0.181753342951959,-0.115119659269988,-0.811140906429377,0.026651534063683,-0.23661863734554
0.756377462665801,0.754415665490212,0.451773561973343,0.732841755883357,-0.278390979600939,-0.632896320427887,-0.672341313098272,0.789640531827343,0.729085621982715,0.581076668050039,0.620023218332974,0.419159730316763,0.642183308848935,-0.550585565161995,0.0341570753884518,0.391528581934079,0.982069722304881,-0.186686741192583,0.240970934510435,1.39251347006735,1.0906043604348,0.546695462272581,0.376871470675536,-0.470784801281109,0.57563193735494,0.836901243440055,0.644782623739719,0.746278275302993,-0.289548828724065,0.662175588812342,0.316389756402665,-0.0581322845264427,0.709799519275369,0.654493851665726,-0.937400129775367,0.693394914145776,0.257297672205112
0.582293624179576,-0.0433089754716621,0.255658715640369,0.321756376735654,-0.0393293967323501,-1.00561368128432,-1.27085078872225,0.541792830391597,0.269407108962677,0.5000617636602,0.258053012518126,0.346286411019035,0.141420738426306,-0.700887426818497,0.392943173287864,-0.532644341495031,0.0670011300673928,0.0531053556851827,-0.0239249572585549,0.895910683465487,0.718547416566714,0.693623650723636,0.328154384003204,-0.733208634521112,-0.0118720354496997,0.230423180215199,0.352472669382444,0.598020466352575,0.185060479204357,-0.141866509406096,0.508242518075262,0.00047742256822664,0.147827448456016,0.129815075659897,-0.464687869479079,-0.283163927539852,0.349899593645584
-1.73566704986222,-1.33448793000275,-1.42005106321905,-1.87745634553388,-1.88140007711995,-2.55668097562487,-3.11072791367111,-0.835640709517755,-2.01928089048313,-0.713309874743899,-1.25919898259954,-1.5784448628235,-1.37751648187175,-1.74849850841685,-0.9614827804794,-2.0965136504774,-1.66717019861287,-1.4142799633251,-1.36182638741333,-0.771244846420332,-0.288807101986046,-1.41144549436914,-1.54692399043689,-2.66128337477412,-1.42820368208697,-1.90948121362085,-1.83692852874444,-1.20771100887021,-1.63913494842464,-1.39383450310335,-1.23320993227217,-1.75681318326988,-1.24760225420614,-1.28133148394022,-1.47112243600084,-1.99165097199492,-1.45231670552469
1.9678967314736,2.0842837683408,1.84185918792533,1.84471796893702,1.63951888987558,1.05336830216662,1.05315629993829,2.27209468414155,1.92123877506141,2.72743108245763,1.81023496136287,1.67222799610908,2.04382067713418,1.27104012651902,2.11913869686221,1.2827575177386,1.90297893495359,1.6744458937968,1.65546055062068,1.83307474180057,2.46829386115914,2.29271064645444,2.07000899452728,0.939835353164946,1.95344469469377,1.80938832811966,1.86082832641142,1.95383590758806,1.63804603344684,1.97406070023995,1.87664388237205,1.64255511949128,1.57069437447226,2.00975103959324,1.47758932253653,1.71338322085463,1.9824237291473
-0.451935075004239,-0.601688794696305,-0.135578299018648,-0.467054991258918,-1.02482909356651,-1.9851371003214,-1.97432230667608,-0.495987421756111,-0.555005843403667,0.143103205155215,-0.858183782138973,-0.23124750534349,-0.482252596078302,-1.01117944757012,-0.376717730890656,-0.964689647539086,-0.493049265916845,-0.955480883943152,-0.757740669626,0.685281333199938,0.294154900067964,-0.444532241193137,-1.19649604479434,-1.58180181800145,-0.825919529354993,-0.771089412964401,-0.667633532969379,0.0332417355244408,-0.314567974373006,-0.748241696317657,-0.603108269266803,-0.51041189900234,-0.474976936464028,-0.358950248890765,-0.606247221153704,-0.508022062854228,-0.513157856440991
-1.21715883170048,-1.62891471670602,-1.41998873201619,-1.40947548571605,-2.0110328286404,-2.10851088933831,-1.72092821462388,-1.21847793026292,-1.84558356230954,-1.08458274377926,-1.77459719916016,-1.27214460174171,-1.81551171549102,-1.48302421155842,-1.20608448046614,-1.50271217740637,-1.77900592847267,-1.6129834052265,-1.82363382873827,-0.774828380520625,-0.881458072958943,-1.48861676029902,-1.56801343180885,-2.13936742935413,-1.4518559016888,-1.62041680046378,-1.67764988670311,-1.36862776798184,-1.40610528193734,-1.41844397479815,-1.660088876666,-1.51505407444753,-1.41204548877514,-1.63853134844494,-1.26327020898559,-1.51315671295177,-1.37993941114403
0.0185673596238584,-0.440288713275654,-0.258969388532857,-0.249686068874625,-0.428075110022161,-0.978859131551446,-1.32254876038225,-0.8987701029362,-0.614393922998508,-0.0722668147576679,-0.39475914829853,-0.150844070296404,-0.292961299543671,-0.835932416762329,-0.197001404048071,-0.950658584159374,-0.370259382729221,-0.689847828567314,-0.17473979571804,0.488234138243025,-0.311336671083487,-0.0878713553906579,-0.605642290088522,-1.08760131421577,-0.370108560259345,-0.32119027152758,-0.524747276173384,-0.380861483287031,-0.562740229734155,-0.562351588498553,-0.338970817468557,-0.54154597351536,-0.418220340603841,-0.213698213625371,-0.347167125598923,-0.646307952238745,-0.183531015699154
-0.98212968280613,-1.80902179977215,-1.81007168072867,-1.03073765332723,-1.29156757884786,-2.05895264920706,-2.10516007907681,-1.22519477802258,-1.35233943893308,-1.274336178063,-1.60241230290636,-1.4847364119797,-1.64185866746029,-1.83430977375763,-1.10086926451764,-2.37185365022971,-0.969263877915901,-1.27843971726826,-1.67667402649262,-0.984388654251794,-0.837656557944741,-1.85038494107144,-1.69719170356233,-2.68980429194823,-1.64886231707621,-1.20293788263518,-1.654083403876,-1.58100238796779,-1.34351662672016,-2.37035837218317,-2.69646818833404,-1.32024914215873,-2.05896520065794,-1.6895112035152,-0.855036249297438,-1.38406995120493,-1.19187798861035
0.623879920492001,0.666231931590173,0.208263022460099,0.512044020847675,0.336403080840566,-0.162973885589693,-0.246591022448731,-0.188031097598398,0.125510597730814,0.596437543287201,0.7987526348923,0.791152249998838,0.503524451926005,-0.590899089561478,0.395216217741954,0.395399313304973,0.855000554665793,-0.168363832904918,0.0796512389545685,1.53253220769292,0.974554630798171,0.201976302852796,-0.152330330469407,0.0828752188513717,-0.417774309873159,0.552471234590783,0.470202724865041,0.141587080695684,0.411123491952311,-0.126731732806021,0.141433342137541,0.637237525964189,0.705758578665388,0.575548366412133,0.0412741599971792,0.206486508882558,0.319859487086426
0.35498354218321,0.271111291497247,0.451263680530493,0.315475285446884,-0.388687850255562,-1.04663525490283,-1.59804800703948,0.349952452298026,0.557948439726262,-0.0522959726546368,-0.158868277347429,-0.0468813415586007,-0.155371074495894,-0.610400921775938,0.0329059714753014,-0.788096074512623,1.21475598996502,-0.266076243975547,0.274157117949442,1.5753705900744,0.611931288985284,-1.20533799569339,0.00719217090913405,-1.7214233828998,0.111728411773242,0.144075380791701,0.447880635628728,-0.254520628736245,0.428903412566679,-0.396043717294506,-0.898089078441408,0.321992887126318,0.757099854088038,0.373110175345573,1.12284693082494,0.594869022562695,0.0514936519996489
1.08385784562005,1.38509410377683,0.920810120902561,1.20569788664041,1.13267748686455,0.71308046986415,0.849698703965115,1.52830195736399,0.796546596299299,1.01926870988542,1.10078179170836,0.846555452525784,1.24421422689314,1.3607095144253,0.97682757519035,1.53960637145633,0.564169386976316,0.475396702573504,0.99436114059331,2.54446455702605,2.13496861535879,0.832714592839713,0.310606075482664,0.98718340739583,1.44676672650781,1.01489927483618,1.03367500604842,0.30150765789276,0.733494438420971,0.829971996776,1.10288293617275,1.03735999188986,0.940225954468231,1.31585709232073,0.614421127268968,0.699604213928986,1.13189170522673
-0.208070579019826,-0.878170939804629,-0.94940950748485,-0.486854871011724,-0.80058194634788,-0.672996449397113,-0.753800373128129,-0.821805709975482,-0.636069750995657,-0.720316146061425,-0.648897110634885,-0.79989904183157,-1.09146011125781,-0.861845660214071,-0.748187992658244,-0.833039904874414,-0.200727405785187,-0.923113754890114,-0.786507286685738,-0.43860344967116,-1.02071817780017,-0.850914965440285,-1.06564101603828,-0.714852880330834,-1.29866871261797,-0.273072100154742,-0.60710990791947,-0.338673089054499,-0.757002181316213,-0.846658987253366,-1.10488645643737,-0.924833252705088,-0.385786516995891,-0.877676267389129,-0.979331307288926,-0.409997139166383,-0.485213814460846
0.0514385511011765,-0.453044157962945,-0.0963050856832527,-0.172123675711793,-0.267370827278997,-0.601396015513151,-0.951445584278601,-0.00154192913435504,-0.506723065519514,-0.223535903996574,-0.481278869749932,-0.280692844246808,-0.344472578219823,-0.216983037588341,-0.445466834258397,-0.179039993451925,-0.0952577387499154,-0.152802712822002,-0.310398449277748,0.455469489396707,0.499727788482399,-0.429288448510611,-0.554295325974878,-0.81999705074564,-0.372881954395766,0.109015011017154,0.0928983205611113,-0.0237204451929785,-0.333820037171782,-0.243613751267442,-0.607754971481937,-0.13667323089045,-0.282637215308282,-0.222180516632791,-0.295453841816069,-0.284377500216843,-0.140350739407973
-0.592029528755826,-0.573882777218963,-0.207736010124545,-0.9589013417279,-2.17221483295892,-3.0696973110376,-2.85369452489274,-0.768919865629285,-1.38921434009782,-0.780740641099152,-0.215760181998048,-1.0031145978147,-0.704863423530879,-1.31399141195603,-1.4207969803973,-2.04428889397157,-0.00425052365369914,-1.32358732804498,-1.30792650161816,0.248229704082358,-0.964163500327967,-1.27028572215163,-1.21382353630673,-2.84083695261046,-0.655690624284678,-1.44385948541611,-1.07566384012331,-1.25356922938076,-1.20603505381159,-1.56587941917503,-0.998065893211431,-1.56397633922449,-0.708987653925097,-0.753707968442852,-1.16116072220728,-0.121433091397817,-2.00497466642496
2.19793776877299,1.85464913748916,1.61915320399902,2.01957221846617,1.04716215308792,0.167375480789994,-0.225268303390311,2.10721763351293,1.79549189761779,2.25375546022169,2.04096179960436,1.62962871553931,1.83324599564991,0.544164849077012,1.57827150191016,1.14870289264406,2.02948189527175,1.54913795617955,1.35808544802508,2.77849157135896,2.32200107422298,1.68383510689579,1.71642702642706,-0.393440517596213,1.19328525627312,1.85824073186764,1.70464603017346,2.13208483166246,1.66638214590314,1.57726285004669,1.83630187525242,1.33127629253286,1.60232151807403,1.95190735024361,0.726945371235629,1.80887201575582,1.69806201802649
0.326544431204738,0.832586560341962,0.645909723512301,0.20605355233989,-0.224843896241467,-1.02368899560727,-1.5743868423982,0.752445318920009,0.202024417896076,0.890985506127672,0.681610820656067,0.150117750849421,0.689776988153542,-0.431597497366574,0.368529350977825,0.142809494988612,0.209531829315398,-0.219624840854392,0.229167839356349,1.75232832346889,1.09938969717891,0.650765643922957,-0.00451537747989698,-1.64283250595582,0.517133145199654,-0.0923078447565708,0.000969170454725539,0.352914104071834,0.504049532135572,0.194113626209117,0.375258870967554,0.385243654372862,0.517600358654785,0.675522905548529,0.222101131846262,0.304352057725397,0.0444345937374816
-1.27347869238347,-1.96350006532409,-1.2276781446986,-1.2318624904206,-2.07591774114711,-2.56303725708969,-3.17951666839373,-1.15700997298398,-1.67264373232834,-1.12734646861562,-1.74503529669401,-1.56715905696188,-1.7298555822065,-2.07793125366945,-1.81685586603956,-2.06808091976012,-1.13274516786381,-1.81890191574192,-2.20241566433627,-0.63344028710751,-0.531487781546456,-1.45046537254771,-1.50692255386867,-3.05094952343992,-1.42539431310463,-1.63025162885172,-1.95602549986558,-1.35709880097523,-1.24496951414215,-1.97147630867235,-1.70308568771832,-1.5034905579882,-1.18134282050431,-1.4843672960974,-2.36352647371537,-1.12675101154309,-1.47049716175315
-1.71546996049642,-0.878833549148379,-1.41234071247123,-1.50903817150556,-0.922280885815813,-1.29847809229248,-2.11472189405224,-1.26373751642488,-1.29502570645997,-0.604472304193909,-1.38819839757179,-1.5506500019094,-0.963971285216474,-2.52748992399415,-1.86353179076417,-1.51331999133754,-2.06240795052198,-1.01070446535912,-1.77007439712441,-1.50473688918991,-1.57505808499948,-1.5033576530029,-1.37931644030945,-2.26307521473285,-1.70927967262098,-1.97990313865205,-1.60437942771955,-1.86447789339338,-1.69557550652969,-1.87622171383957,-2.14257304587015,-0.821275566941191,-1.07975723590768,-1.34037784778208,-1.21939448076928,-2.21072111009555,-1.25596292495229
-0.0719523550486202,-0.146305312933219,-0.266929566426688,-0.308955289110489,-0.653314391928434,-1.94827079933172,-2.0710780781874,0.161754145863377,-0.187668069528968,0.267490627055095,-0.195499573240699,-0.918158276693679,-0.327527405511091,-0.630407415918863,-0.355365090750159,-0.833812714095913,-0.443868085154992,-0.245784763296466,-0.536755404182427,0.326186601569291,-0.0584743412994422,-0.158545167184752,-0.268553602754084,-1.59223479152778,-0.271487280663873,-0.302329509830692,-0.438953727197305,-0.0367088484963752,-0.509070182066568,-0.186350163687658,-0.0064220201444571,-0.521954648690639,-0.374219287664028,-0.314458605864511,-0.14950466381574,-0.556697623044015,-0.372407136659626
0.216750030108421,-0.061956332869094,0.109387030729708,-0.000921107216690822,-0.534306530819637,-0.647148416785703,-1.06307920057239,0.109108988537296,-0.18948676260131,0.753023499688544,0.283063359322621,0.0381631908516155,0.0467768969350309,-0.371189244126369,0.106984235903853,-0.700636133032542,0.569026781048645,0.189518929824144,0.519281133603603,0.95924083300466,1.23351617901815,-0.139635786515122,-0.513129446987857,-1.18087105710361,-0.0531562003692545,0.381955429595078,-0.388750439883703,-0.168406676782468,-0.124427318499753,-0.672780257043025,-0.327474556528571,0.589450704041427,0.221737067922492,0.204939654225157,0.171513381334527,0.0810103482435426,0.429853223655359
0.550407680622628,0.0235457659699014,0.0936189348208222,0.317366613916318,-0.0733893563011628,-0.0732234697202136,-0.628752551732877,-0.019093306406651,0.296564852988733,0.0677873085604297,0.0131673072886267,-0.0516951207888496,0.0835028782737833,-0.401606234405791,0.174682317384797,-0.1146397794116,0.34908159608835,-0.0204551940818933,-0.117970150023676,0.553678815421509,0.299288208633225,-0.164634803361721,-0.0861886487543569,-0.205988147610151,0.29069185464089,0.276378044373541,0.150681921978574,0.359616793231192,-0.0518585982315755,-0.200908024451506,0.0781861776602747,0.0766536090332377,0.472757683780231,0.0262117086633514,0.0632998519352964,0.303666654044284,0.639158148597402
-0.515710234862687,-1.25017905290368,-0.836886103782687,-0.845804473877375,-1.07163447905233,-1.63016308833902,-1.9493218774058,-1.36547132648081,-1.53301405128011,-0.161202202403535,-1.17909037518753,-0.721430232654007,-1.36367244971255,-1.66477130312494,-1.01450294514661,-2.10530820195784,-0.371030294607501,-1.02877402076654,-1.0095097994213,-0.347473152705619,0.0671943448745976,-0.523143819154687,-1.24460043303196,-2.29009520538025,-1.12363233808159,-1.00036553982666,-1.87606592852758,-0.746329892176455,-0.187442301455036,-1.84047292634893,-1.51654020812177,-0.568493899990918,-0.927485641156799,-0.52721035510587,-1.41116000252313,-0.362572491900027,-0.834056112589141
-0.491805770571879,-0.3984016177907,-0.107766282055588,-0.449076790775735,-0.732798723322684,-0.96446787802856,-1.49046459861541,0.101444456071271,-1.09983179840081,-0.452557848863854,-0.919661302553384,0.0263415905245665,-0.611271969178223,-1.32493669487527,-0.691843036434315,-0.579374962124179,-0.479906096238291,-0.974494926180158,-0.368633773683435,0.0147650673333455,0.382130845804297,-0.407092290586309,-0.978788877426421,-1.42611323734909,-0.127506322379636,-0.488552271770456,-0.583771952621816,-0.699929389586159,0.145502457486545,-1.103565740795,-0.776909023377785,0.0476472465411505,-0.359326540878839,-0.226762262865363,-1.04522660340924,-0.469908347779301,-0.380604615581483
0.530434094882222,0.62593439112572,0.27245411709027,0.568488594250114,0.349727129717881,0.327790493629927,0.592713469072512,0.377904573699926,0.331557719385933,0.639777424670441,0.436733056720191,0.494352452846952,0.628610566819842,0.284919443688507,0.457709283150764,-0.0700592096263876,0.768637860666034,0.145961437247903,0.226918622981432,0.105001457956393,0.437980864666209,0.743829173360198,0.534825388778572,0.136099182228271,0.0990295863569773,0.753158655879484,0.240980452430287,0.518583717634266,0.313680309447794,0.25852109649407,0.400536273826289,0.614601945333099,0.200638045411131,0.453067352327176,0.218582415299673,0.558554730421699,0.614680960030586
-0.72242944840324,-1.60645007584272,-1.17170363913874,-0.721439370727732,-0.951455275394578,-1.33518635853674,-1.4178831606078,-1.10720985058781,-1.53295121885474,-0.951343980088015,-0.57940960697089,-0.974117420771029,-1.15817014114737,-1.61046823569386,-2.16760772670501,-1.21027419285241,-1.01710119603551,-1.09592397047931,-1.38610315907057,-0.357561940881006,-0.629632872600304,-1.61645376812921,-1.68572970943543,-1.3984647637998,-1.66802692884238,-1.11710894476676,-1.11247128355296,-1.41668645722282,-0.650985077033038,-1.82581045182641,-1.43871782242512,-0.234103244084062,-0.34244096043423,-0.954548526198819,-1.03235315352662,-1.11398649842394,-1.11346860682105
2.29745495774235,2.22224655822175,2.12361136244743,2.26367742635459,2.39445337268153,2.13260057667854,1.82108818336542,1.65205682279562,1.39143155020302,2.2652699181194,2.32130467251195,1.98317559222478,2.35328674316121,0.538888901162034,1.3894360395283,1.91641949128238,2.65770898322325,1.82658596380446,1.79823709229657,2.32550757393256,1.90446336600065,1.63168129647822,1.97004025745438,1.60105198395382,1.32839763244647,2.62168201677761,1.7764614188476,1.27038772993647,2.2687853839742,1.39943034845902,1.62728822268533,2.36648380143079,2.27611499167433,2.33386394429791,1.2302605311768,2.37898232953181,1.77577234731364
0.763989542116066,0.583801203466911,0.654086078843693,0.951380459331531,0.171363027547707,0.189762266761559,-0.0329631088604527,0.645592691849325,0.636750110503495,0.822553591106326,0.686662253020113,0.27492670120112,0.805934244953515,0.00740613658567469,0.53246639274829,0.654322691609772,0.967351111911131,0.257971025309434,0.221905114641083,0.747833393219668,0.334493222305537,0.505863217034398,0.332902062730859,-0.0861326966290489,0.346304060446656,1.13423761248423,0.43901580683658,0.481578173714949,0.450003207397078,0.339538034069838,0.174748554930221,0.327511345200995,0.411760332867743,0.606760263390741,-0.0236099149829024,0.47644723248477,0.417143020145068
0.199516348644482,0.115046372817193,0.0849486566940549,0.115274274431617,-0.399401774848658,-0.689904603462077,-0.995056022636753,0.0280313503547425,-0.290746664145525,0.552949203475123,0.356032247736591,-0.178897065825521,0.0151273289864901,-0.0830713583059922,-0.102223847542024,-0.173296647143635,0.272571129151353,0.0852577095337108,-0.0132313923453711,0.451696963263296,0.0689116490969459,0.203915746093951,-0.0269358045467743,-1.10735833167243,0.0661752309784421,0.129324832754469,-0.156969284467171,0.0475887738357787,-0.405118160739532,-0.249746631137248,-0.0621932329436844,-0.151265077134034,-0.0125408015150382,0.153724670485617,-0.215057090938354,0.0471558981273057,0.115825680564766
1.20188232816904,0.711060624185755,0.756884201335124,0.759740094004236,0.436951239021357,0.327596366383446,0.000936663673623265,1.10012702215308,0.818885214271827,1.21698253348344,1.06489206150047,0.600436710840199,0.696567726273706,0.18581696805851,0.964943822920976,0.325941997826235,1.00609912635685,0.675944331132992,0.547276438718757,0.908191736130517,1.01546854224554,1.03649582334394,0.793652509810705,-0.146436789808919,0.52488922045605,0.934644325573369,0.826930252857564,0.667937015093495,0.861086745799376,0.670348056992505,0.833241755825429,0.798100896127406,0.792544148047028,0.863442870770282,0.432024084880611,0.732836335825084,1.02437571318295
