0,-0.176092943239743,0,0,0,0.251157681901664,0.325892124301416,0,0,-0.254825266471055,-0.287840527627102,0,0,0,0.530149891081073,0.404421222755165,0,0,0.334120517959273,0,-0.131860806973007,0,0,0,0,0,0,0,0,0.335925644742913,0,0,0,0,0,0,0
-0.665455685777894,0.221226363667242,0.39108602216109,-0.39641184409998,0.465946610535769,0.60473633797459,0.323242397788043,-0.309105245095549,-1.13201803219068,-0.576007002148468,0.267234323454134,0.638563245922423,0.562950042367652,0.716189196515105,0,0,-0.633623220406462,0.656066534929102,0.751502217889971,0,0,0.224304863371197,-0.277458278940787,0,0.281236010336917,-0.435035968534748,-0.464940431251578,0,0,0,0,0,-0.320834637882563,0.347907064254558,0.896279145375765,-0.801401023685834,0
0,0,0,0,0,0.535405599990294,0.493059104441766,0,-0.289965044659277,0,0,0,0,0,0,0,0,0,0,0,0,0.478587447702697,0.680975413655225,0,0.565568229292608,0,0,0,0,0,0,0,0,0,0,-0.572920521828442,-0.297472132582374
-0.748640944505726,0.420616470497988,0.319868854646136,-0.500447011651277,0,0,0.234900887436322,0.501785226209033,0,-0.8362202340775,0,0,0.472002119608289,0,0.326560485817056,0,-0.433334070296289,-0.435663461951369,0.697000577885902,-0.690190080868793,-0.140897680135613,0.28560701429145,0,0,-0.0219705055153566,-0.676386741607119,0,0,0,0.373276440975528,0.248898550106082,0.321489781798915,0,0.487578406330506,0,-0.733776137587095,-0.603162918052247
-0.182768327683722,0.213185395215007,0.206073887832274,0,0,0.199414127058713,0.207385979967057,0.329050899297331,-0.479393225059303,0.218720039574522,0.204505118301551,0,0,-0.121675243253894,-0.717549093982935,-0.134937760941889,0,0.224473417753535,-0.154599261093072,0.142709507844977,-0.471046018107062,0,-0.286690473205829,0.195726003904997,-0.0251622967724549,-0.125738069558773,0.200620702019934,-0.543032120585512,0,-0.119248843907751,0.212084822472948,0,-0.0758415308348577,0,0,0,-0.119485183142231
0,0,0,0,-0.490336298943757,-0.682188069751016,0.325583346538524,0,0,0.513394577522283,0.722443476128515,0,0,0.553226904171426,1.38115771093002,1.01676169019784,0,0,-1.135195374836,0,-0.261274409550699,1.03244913261338,0.755898968240062,-0.307350329727822,0.399172315524402,-0.566789679035367,0.489880109038603,0.506343991822662,0.455972286985405,0,0.745189801964006,0,0,0,-1.99874433125902,0,-0.697784733258495
0,0.320238257323385,0.199399768213344,0,0.388977988101206,-0.360634089784543,-0.782487071523919,0,0,-0.562125832289494,0,0,0,0,-0.713829020099361,0,0,0.30992568097751,0.411945404839759,0,0,-0.584630390009628,-0.490646966274088,-0.400383771815345,0.818400535340291,0,-0.57631068900272,0.443379200053157,0.247250888225356,-0.485574327235246,-0.327182829927651,0,0,0,0,0.307824690813551,0
0.300253794971136,0,0.228825058280355,0.191693143220273,0.770554941199361,-1.30909023786534,-1.23290935894385,0.339936742674758,0.889300697959511,-0.501896837182359,0,0.16896739162439,0,0.254131409155804,0.614774489929878,0,-0.857413354603251,0,0,-0.802369272016841,0,-0.592973370211896,0,-0.915264054516807,0.613261216255354,0,0.333592218377891,0,0.450416842076066,0.498782781186224,1.18466942266821,-0.64060956749509,0.388114121062304,0,-0.410630136720802,0,0
0,0,0,0,0,0,0,0,-0.366962741660773,0,0,0,0.120438311179299,0.23772299173411,0.620401710264901,0,0,0,0,0,-0.291410472355562,0,0.641153761169424,0,0.342008864982801,0,-0.493136163576014,0.356829912952166,0.550748277590541,0,0,0,0.407794056131471,0,0,-0.311716772146657,0
0,0,0,0,0,0.610202899955089,0.248591110198839,0,0,0,0,0,0,0,0,-0.710018031131847,0,0,0,-0.575637407012026,-0.660922449384311,0,0,0.477032408961575,0,0,0,-0.587556871110517,0,0,0,0,0,0,0,0,0
0,0,-0.303024838944378,0,0.396445464060997,0.608053196380844,0.347093509363686,-0.254359356358087,-0.449583555814416,0,0,-0.633962991511066,0,-0.434865159438591,0,0.360655647987727,0,0.298209909586321,0,-0.238833407743569,0,0,0,0.531904900951787,-0.00950045681281938,0,0,0,0,-0.223687935590553,0,0,0,-0.297550062346763,0,-0.259487830379911,0
0,0.0842559466280589,-0.171278114708554,0,-0.273674348086514,-0.150546022950774,0,0.561443345557353,0,0.594231921614004,0.722629231123929,-0.508943254889706,0.13561720103509,0,0.525736349771682,0.786518893650762,0,0.631690729448121,0,0.642986893115474,0,0,0.439432530245946,-0.194690072835922,-0.130360113125159,0,-0.248077336620501,0,0,0.655724856259569,-0.331735240084151,0,0,0,0,0,0
0,0,0,0,-0.311335413704676,0,0,0,0,0,0.253659425300364,0.385763872643808,0,0,-0.439900866507179,-0.232949288370742,-0.224057772440897,0,0,-0.380289955156625,0.49918508673847,0,0,0,0.542866178383087,0,0,0,0,-0.324564635831067,0.235825073023209,0,0.290751205695173,0,0,0,0
0,-0.625447341745041,0,0,0.159256175187693,0,0,-0.363621865381951,-0.353814484980844,-0.460727735240293,-0.527758164836921,-0.448261359561824,-0.636921384828887,-0.433580852405688,0,0,0,0.123729720718179,-0.359255909121178,0,0.779482486758946,-0.42471465049099,0.455191995324732,0.32051607413445,-0.400482160594982,0.31558472464576,0,0,0,0,0.258118427733078,0,0,-0.384892305502435,0.334953440554379,0,0
0,0,-0.524789471720825,0,0,0,0,-0.36670691502855,0,0,-0.476166878868751,-0.548930192186704,0.0765210053765421,-0.260172297789438,-0.473206293095105,0,0,0,0,0.541752826774186,0,-1.0645308263677,-0.544514117292447,0,0.0228602424347856,0,0.323671076926453,-0.754322022841179,0,-0.722689368030438,0,0,0.397446907428947,0,0,0,0
0,-0.65126172580503,-0.563272396144201,0,-0.439779481024777,-0.445500015823986,-0.591799905777004,0.0385843026917021,0.137967511418811,-0.579324197761727,0.489410387525534,-0.674021241134441,-0.783981850046714,-0.181712694700359,0.0147078122656369,0.251818212164868,0.262170128024524,-0.0459586961024407,-0.319926042076079,0,0,0,0.153644654471446,-0.406129090935842,-0.414441579242009,0.201426625737421,-0.000172714845518547,-0.532090696811362,-0.399271476258073,0.0928502431331197,-0.290405101088429,-0.351763222249382,0,-0.533842528480712,0.0781907911781186,0,0.276794933453315
0,0.00101645584269198,-0.680641532663548,-0.343591237055907,0.1794417371481,0,-0.154097502902569,0,-0.256291844406989,0,0.391119078282465,-0.458534135237076,0,0.217343946638116,0,-0.388844450979119,-0.695114300322565,0,0,0,1.15655467855132,0.456242336572783,0.429949994246004,0,-0.392153439495953,-0.159199963728411,0.194529638380503,0.516033708459471,-0.620695395236417,0,0.106300568027976,0.247858001034962,0.426364271162998,0,0.146118527467548,-0.590184577439239,-0.147653850041342
0,0,0,0,0.733159126314062,0.44125333779571,0.509081728492191,0,0,0,0,-0.262073846922448,0,0,-0.352633474288498,0.823152823484024,0,-0.3200341248468,0.335098006238818,0,0.0354987042303112,0.594431213477915,-0.202196581131363,0.690954794945831,-0.39560367633709,-0.0256876521384425,0,-0.030655190972234,0,0.373089052505809,0.464431626314064,0,-0.195577601681947,0.306604042591784,-0.547886592750588,0,0
0,0.716692131014258,-0.121466804088814,0,-0.153945238903603,0,0,-0.191439393039584,0.124045554152263,0,-0.478824678974623,0.605618879546841,0.244182584451914,0.414710864067976,0,-0.343888445107478,0.276501682691795,0.0631240192421967,0,0,0.399375805710086,0,-0.241991332363243,0.397216500973324,-0.213715442559192,0.0977331466160847,-0.286291496825063,0.566307078205229,0,-0.388067690349955,-0.872518919105739,-0.308181546665131,-0.134060399650637,0.666558364277662,0.173847217788334,0.247751823314636,-0.426159633006664
0,0.254000946036395,0,0,0,-0.467627389334322,0,-0.490554202060117,-0.264659827437511,0.0450426413521408,-0.220705672053943,0,-0.772697998770913,-1.23220228657118,-0.405112433794474,0,0.303275896351413,0.207284591456148,0,-0.535390807181421,0.401956502171906,0.749336219920536,0.23204641734037,-0.169288657472477,0.0971824067254536,0.239555854199211,0,0.663860378561166,0,-0.301270793131804,0.290641961403446,0,0,0,0,0,0
0,-0.519856394288063,0,0,0,-0.0541560540727384,0,0,0.535401297881298,0,0.888679982364807,0,-0.529477979579662,0,-0.23833096130459,-0.194662096132135,0.484188192767544,0,0,-0.488648559890913,-0.407925767033025,0,0.167420556593644,-0.0299336481931351,0,0,0.283680095078992,-0.393205340497635,-0.303116796439156,0,0,0,0,-0.303674521617632,-0.712024032302529,0,0
0.531450587199187,-0.794003381893499,-0.593217653713988,0.382068743262038,0.357899345368219,0.081182472586854,0.026302146261899,0,-0.109239600857274,0.361220327829623,-0.275391982161678,0.757694789129973,0.548454608430845,0.141376547080225,0,-0.176064336752757,0.265866125097931,-0.237426085253272,0.531816216154216,-0.431442289271185,-0.498908379570604,0,-0.255553241709816,-0.479825999645706,-0.591268654601185,0.177457501713943,0.284325569614266,0,-0.23765499841547,-0.637251902267227,0,0,0.0048003903292999,-0.352873970333082,0.817805082003053,0.140782247547285,0.810203257358966
0,0.486242570444721,0,0,0,-0.607409747179996,-0.605292374805818,0,0.289675882349005,0.217017846144657,0.438060003946434,0,0.330923012758716,0.190078606904409,0.339958755494424,-0.0769213176114373,0,0,-0.0195702831575191,0,-0.839699707220395,0,0,0.26918564974298,0.25056896393953,0,0.352570179852192,0.284746314205821,-0.0776628409099857,0,0,0,0.30640104266546,0.356111392434054,-0.231394147657764,0,0.0816856564059343
0.611615290098495,-0.253404059454554,0,0.660161079437707,-0.44732584974985,-0.631989393020922,-0.998205200692265,-1.40935046767359,0,-1.08880308056858,-0.325029480269043,-0.373869050872178,0.31047603716093,0.642651721411655,-0.582278110023559,-0.449062415338142,0.510982662429819,0.504690081186058,0.347744702856582,-0.416176157375879,0.425441660406413,-0.336553805374819,-0.586442888935187,0,-0.0138822776293966,0,0.393161630876757,-0.765022584699646,-0.400938173423884,-0.773981107256268,-0.353746155504019,0.649501125496739,0.453835840363027,0,0,0,0.415043870764715
0,0,0,0,0,0.806255197785535,1.22065846063495,0,0,0,0,0,0,-0.648510520958251,0,0,0,0,0,0,-0.650964585672773,0,0,1.13576257744828,0,0,0,0,0,0,0,0,-0.583449728229671,0,0,0,0
-0.197984237483417,1.28828064514819,-0.614003127682236,0,0,0,0,0,0,0.79694479289681,-0.171246021755625,-0.896639384214718,0.462052473284713,0.510354946010201,-0.698533751546771,-0.179004797539304,0.568728196532697,-0.0205451467680837,0,0,0.0358950757707569,0.330869340539316,-0.1748925141614,-0.215657959084853,0,0,0.407749652206681,0,0,-0.59517119568147,-0.258504283969743,0.678824122195361,0.161650997342404,0.616435409149716,0,0.66258818559077,0.37317525778281
0,0,0,0,0,0.441321304666534,0.594007002875951,0.499476017039896,-0.282243477167834,0,0,-0.598449372731122,-0.377656634472568,0.281293980361806,0,-0.133003169665201,0,0,-0.308529778276321,0.696294900154223,1.24223586639329,0.239523344846026,0,0.531419913069772,-0.400580737663221,0.468318745795127,-0.109153424894699,-0.363074007215079,0,0,-0.729403106522559,0,0.361166466751294,0,0.606700450156793,0,0
0,0.339769090889441,0.37334014279804,0,-0.265157574110558,0.457554408630896,0.485867629639924,-0.354718513138716,0.517414832805731,0.511625394958245,-0.123500781120659,-0.254611754794633,0.998306782790254,-1.22228733941953,0,0.152899958320929,-0.673025653625973,0.424413972456647,0,0.755163773776074,-0.538280857611589,0.784025997812395,0.537385570810781,0.166342921645748,0.705105469026858,0.201602863471516,0,1.13334059284082,-0.206140139308967,0.591239151967509,0.56543396551424,0,-0.155461728814686,0.547637690004886,0.515593122396695,-0.482186183762703,-0.469890186743351
-0.756356991182518,0,0.380740251174967,-0.515828575568089,0,0,0,-0.547745107818774,0.178433391798289,0.543309731328423,0,0,0.159508561420626,0,-0.291000015423832,0,-0.835970177992101,-0.0280691810585856,0,0.418523406466623,0,0,0,0,0.472493234141615,-0.710190922160958,0.614747706059992,0,0,0,0.0539946360530073,0,0.0469048347659357,0.272794824546151,0,-0.615037690374776,-1.09202596205054
-0.115104361425618,-0.620278609909449,0.519612131714443,0,-0.35090686144886,-0.537396709714993,0.236486017625338,-0.495387963306878,0,0.401501853141914,0,0,0.00731941695077877,0,0,0.471766995621445,-0.32152199657702,-0.341575673310435,0,0.853586265579508,-0.383874917309682,-0.977935984060089,0,0,0.436445817476803,0,0,0.185454108789381,0,0.285806937218479,0.185686366222385,0,-0.481387363633634,-0.208709905156449,-0.259032416698765,0,0.000242741079172239
0,0,0.530351458763694,0,-0.605487976107083,-1.04764791070972,-0.678658167862938,0,0.345731074007496,0,0.660631982856655,0,0,0.202979045430287,0.434804664387462,0,0,0,0,0,0,0,0,-0.426533000158747,0.832998561360201,0.597868031332517,0,-1.17662798827642,0,-0.472562134985687,0.35074672984007,0,0,0,-1.22738886454186,0.633767264371587,0
0,-0.322350288498544,0.524839784892742,0.263413745378727,0,0.138183412784475,-0.640758734066725,-0.299997098600053,-0.426997050439974,0.873167145386585,0.319890033983846,0,0.267385154390947,0,0.195671062876257,0.0384316058594184,0.260986951646312,-0.498556298993449,-0.341306733134292,1.25807197900189,0.932002388395308,-0.485688578024355,0,0,0.430998436633017,0.324352622917764,0.23499660915824,0,-0.506594111748194,-0.420657583963986,-1.23886442565051,-0.239630590725583,0.160147050067337,-0.174768434933617,-0.497496429623633,0,0.490060352342188
0,-0.280807505863308,0,0,0,0.220969406442899,0.171046819514564,0,0,0,0.51755663788915,-0.140361398672819,0.00976769689586541,0,0,-0.342485039863933,0.277735273862951,0,0.499182445528413,0,0.181928839585468,0.142964939940266,0.586206702038354,0.465332201098823,-0.94019724510689,-0.0753720323134254,0,0,0,0,-0.49221432360222,0,-0.258263075277268,0,0.315876932487253,0,0
0.274283764747012,-0.428964557419842,0,0,0.013511296892545,-0.294529680752888,-0.382273337577029,0.0910643708252028,-0.386217654828011,0,-0.0690286365520259,0.328236047929666,-0.151093988914118,0.38921411667262,0.637351432957984,0,0,0,0,0.425168186593553,-0.213505489053049,0,-0.326901646782884,-0.00413314504926266,0.200028072116797,0.0364007133046635,-0.364249797984267,0.395884342576334,0,0,0.165442056410661,0,0,-0.24221352649933,0,0,0
0,0.991708995238422,0,0,-0.46643844413593,-0.626988908467637,-1.37112509308231,0.405098435057687,-0.155903633199829,0.725405574871694,0,-0.0329779592423469,0.70420802752485,-0.381735412582888,0.70828178765562,0.490171439512302,0,0,0,0,-0.252020253893873,0,0,-0.63915892930192,0.505763942846635,0,0,0.600767764666066,-0.280062711358894,0.136899944895343,0.907170045235927,-0.368997806589515,0.188147826859308,0.421332471119708,0,0,0
0,0,0.403985690624109,0,-0.988777658171678,0.373844552284371,0,-0.221692074539255,0,0,0,0,0,0.510190351421623,-0.721845020966392,0.733466330688031,0,0.55139992647407,0.416283145032758,0,-0.0277391097581846,0.462970329900522,0,-0.574445585692965,-0.260188107450609,0,0.544194384704283,0,0,-0.929537291872654,0,-0.27583378739505,0,0,-0.291839912069845,0.401546036706845,0
-0.583274139696238,-0.201824736046881,0,0,-0.0202230053775694,0.808336209289899,-0.306018166156468,-0.238801471071084,-0.548225164839623,0.192180807488137,-0.444807072558475,0.182890176955582,0.359749161112998,0.59816273437848,0,0.456672889353923,0,0.501965693768655,0.266097109977104,0,-0.266833644753623,0.102055137161525,0.30074674752144,-0.477034946539132,-0.0364219401832811,-0.773090253894854,0,-0.413608650996602,-0.240365947889396,-0.386190368332819,0,0,-0.438762987082653,0,0,0.336534872567966,0.373478394595339
0,-0.207442103209201,0,0.237196185533684,0,-0.38227094503965,0,-0.527421435414744,0,-0.529087495204664,-0.588123856150211,0,-0.444964218216865,0,-0.730774290178939,0.254893618139967,0.284201511935359,-0.221142631499408,0.391958048693137,0,-0.108980270885895,-0.740855849240142,-0.902968677972299,-5.28698028912255e-05,-0.225291397474757,0,0.566088760231938,0,0,-0.49644016485032,0,0,0.291978031931651,-0.476395032351256,0.177681248435991,0.667233913914342,0
0,0,-0.440904529918838,-0.446023131346377,0,-0.128864543437498,0.307297885773488,0,0,-0.568034808384377,-0.564953404493154,-1.28123890432978,0,0.0711017369921513,0.319234756006018,0.416271120342062,-0.24392403382597,0.371505522670741,0.501365296523018,1.15686279838817,1.78451590447963,0,0.724586267920088,0.413857674034757,0.272007092077901,-0.411495042164339,0.939900514203791,0.161617482619422,0.350966764962962,0.314495039478588,-0.0443150165147796,0,0.674373341259742,-0.309643987413479,0.779960126668947,-0.344130008563554,-0.563648652523982
-0.369819193488259,0.182170217250076,-0.244521292777945,-0.415717305140365,0,0.155380253817941,0,0,0,-0.26986602310125,0,0,0,0.0103611350194681,0.710570575261558,-0.311877110172328,-0.430742711882998,0.95791815221712,0,-0.134629707796109,0.975496662092218,0.911771231877941,0.23276740219844,0.227422904474001,-0.0109240301447573,-0.425837821927992,0.439980755491691,0,0.624717624591258,0.276797604281759,0,0.197538144962399,0,0,0,-0.544618858257252,-0.529390301399792
0.156894608488242,-0.357146386695305,0.277605909608239,0,0,0,0,-0.166951930365318,-0.44941203121958,0.23849520309495,0,-0.529033861978106,-0.688602538078367,0,-0.534264931353781,0,0,0,-0.361150395908169,1.10608484238708,1.24960482463453,0.244970378886575,0,0,0.624556760180045,0,0.564067034750233,0.614678773130016,0,0.629678245383302,0,0,-0.50076836886125,0,-0.395081869623538,0,-0.757914336087047
-0.216937957776223,0.165139162735609,0.125358599891678,0,0,0,0.200614478570396,0.762971185633538,0.243171813074829,0,0,0.398246993758417,0,0.437549983442571,0,-0.162416624251036,-0.690767263778933,0,0,0,0.622294320678095,0,0.52142007085515,0.548030139335714,-0.422399236840704,-0.418577512733404,0,0,-0.155468244168715,0.84525154771375,0.0907959269931929,0,0,0,0.154044673402627,-0.450523288986813,-0.218196305954223
0,-0.601385293794188,-0.507443903566567,0,0.402385059803955,0.724477750865633,0.685507954379792,-0.472028881868148,-0.349663764657545,-0.588803384217078,0,0,-0.686289461529186,-0.159205070172344,-0.709373501352715,-0.419701125242695,0,0,0,-0.949335872387511,0.0499217735805016,-0.245161247561552,0,1.32153049685924,-0.459870442761867,0,0,-0.244393776976192,-0.385684279753456,0.190184566532465,0,0,-0.379787008685992,-0.675680578651179,-0.103772764444422,0,-0.0739786994734377
-0.270219942818448,-0.185495524434361,0,0,-0.115930883926058,0,0,-0.11541287569439,-0.593188207267679,-0.0411233512102141,-0.616588861324047,0.330146369910606,-0.285750930778475,0.828335292832727,0.321066907769308,-0.442009279560686,0.295582555098208,0.674218023253238,0.543067830842558,0.78160044271985,0.803448096895987,0.284053895905167,0.940951533762647,-0.123595990604587,-0.685459707054612,-0.16726202641613,-0.174992002161559,0.193062343071981,0,0.448617633955493,0.620320419266971,0,-0.180508596571752,0,1.08822303988602,0.378377895397941,-0.151009517389725
0,0.464057367750304,0,0,-0.0420090662757252,-0.196689760168804,-0.373087920552892,0.383809749398591,-0.448085655158513,-0.264643463119005,0,-0.185530796223324,0.209253059122133,0.212596938209953,0.260256269865904,0.353366154995991,-0.485342047732299,0.262376528223158,0.432335547518588,-0.102673455336458,-0.041779896962343,0,0.49986346196046,0,0.262239595207843,-0.337714841393434,-0.207286647468669,0.354720934305912,0,0.399616754159997,0.262184671422515,0.309896101042081,-0.124257798460459,-0.0911605836194013,-0.0760761028155456,0,-0.157546708709365
0,0,-0.216504044693207,0,-0.304169473975132,0.137792999132537,-0.165478678331918,0.0637217118751444,-0.252532915564592,0,0.0904198812008593,0,-0.373500926395025,0.00463298155787577,-0.427594539550763,-0.105650753208139,0,0.12643984099267,-0.195583254228842,-0.24425445934854,0,0,0,-0.0967401513302107,-0.417154563023662,0,-0.304571238225356,-0.218565624221796,0.497630812769763,0.0189078391485748,0.323383218730576,0.102999135196409,-0.66952491582507,0,0.443565185755254,-0.189535292234276,0
0,0,0.138948253442066,0,-0.201602539497571,-0.132120851808991,0,0,0.58017004253775,0,0,0.182958909564848,0.315666942301525,-0.544868037164186,0,0.0063128242074834,0,-0.100370312607702,0,0,0,0,0,0,0,0,0,0,0,0,-0.703448418756522,0,0,0.466579214950619,0,0,-0.312657679149189
0.591541623372204,0.164761181055979,0,0,-0.503636160629081,-0.512065617225819,-0.372083393117495,0.420793234065584,1.02416253856329,0,0,0,0,0,0,0.285596080694191,0,-0.270276703983486,-0.475939335897306,0,0,0,1.12353901038117,-0.421312911741717,-0.0576410249818555,0.371286844880683,0,0,-1.81817944708141,0,0,-0.57345733388107,0.396171566893148,0,-0.621689308423123,0.572302716630959,0.10648698276517
0,0,0.664013402085083,0,-0.291057501600553,0.739671384533012,0.320781487631035,-1.00812638604194,0.473326387070472,0.476738512427049,-0.816330751992651,0.310219171337092,0.309104628682002,-0.715655515963501,-1.31596323403129,-0.337460626148724,0.3168297335562,0.588626708512581,-0.385483713237095,0.173361701167538,0.906994169383805,0.634355612834429,-0.944092706001491,-0.194260428079032,-0.610131332365788,0,0.752662194316887,0,-0.334018420627643,0,-0.452369994059464,0,0.387153738635915,0.407732841554691,0.59792065493262,0.451142246100216,0
0,0,0.316746084212794,0,0,-0.0894736488671046,-0.250151708860352,-0.432909290228952,0,0,0.399431777602007,0,-0.152441995244094,0,-0.962549181261835,0.580711546663444,0.057939098667327,0.427584234707928,0.359511716565612,0,0,0.212676535049526,-0.909441438562327,0,-0.378688899385301,0,0.428662956792867,0,0.075302929544301,0,0,0.373287865330825,0.408062343029749,-0.270693871547701,0,-0.394274670415778,0
0.448281119161817,0,0,0,0,-0.46496421775327,-0.605692429164698,0,0,0,0.299056033641933,0,0,0,0.816367376162368,0.493846585714507,0,-0.598012646546983,0,0,0,-0.457310846988579,0,0,-0.00621355884214766,0,0,-0.144450687592971,-1.07585970951297,0,0,0,0.43829687937905,0,-0.594195941584647,0,0.638744104509974
0,-0.166266258461886,-0.10356269341175,0,-0.278012194153772,-0.515558604851222,-0.609162921522499,0,0,0,0.397217652074775,-0.136073113275831,-0.00269526783234027,0,0,-0.0429539992267347,0.169268706959228,0,-0.254827732628083,0,0.71851096867934,0,0.450207940631499,-0.508821257376784,0.460199328810936,0,0,0.205336615156708,0.0241770993721376,0,-0.22572942612543,0,0.35071518390206,-0.25387230633197,-0.557551842379697,0,0.242530785070245
0,0,0,0,0,0.270767911043244,0.132819531345126,-0.744900913217917,-0.480517138787992,0,0,0,0.376560635418485,0,0,-0.588364459564326,0.594356824653038,0,0,-0.644535374162455,-0.23158812729785,0,0,0,-0.810320838496669,0,-0.510920095373461,0,0,0,0,0,-0.121661833251005,-0.261748318619861,0,0.413666417996356,0.352279149174
0.58379479491769,0,0,0.544133795335345,-0.853594957139994,0,-1.30090013726736,0.604521941096084,0,-0.401776819926282,0,0.474889454956911,0,0.388197053044994,0,-0.503615405561336,0.842376973877296,-0.049698980387446,-0.100941501119739,1.47717505326606,-0.406160871486291,0,-0.0406436777940085,-0.86973879258221,-0.485755224297328,0.827345294083963,0,-0.222302570893547,0,0,-1.90308535886287,-0.451005158930222,-1.30709919313895,0,0.751979764015351,0.656407865194,0.564599790650973
0,0,0.423557727004916,0,-0.376870078120962,-1.34894819383698,-0.924745807710851,0.402746889320162,0.399860419044241,1.03066446266242,0.620945066223528,0,0,0,0,0.543354020406252,0,0,0,0.782485425183783,0,0.524754143643984,0.978822254681389,-0.427268518296764,0.563781878773116,0,0.684139587037913,0,0.501388929677498,0.634655180287257,0.520443564628866,-0.505052994475233,0.317392427093164,0,0,0,0
0,0,-0.409152782597632,0,0,0.251456548042519,0.316642449285224,0,0,-0.507988827772689,0,0,0,0,-0.112800123221521,0,0,0,0,-0.574382025454934,0,0,0,0.572883623334027,0,0,0,0,0,0.228721548565115,0,0,0,0,0,0,0
0,0,0,0,-0.493472825246886,-0.615033407526164,-0.596186870290209,0.915844335837003,0.416303023626183,0,0,0,0,0.240116075678842,0.422037850223615,0.393678420767345,0,0,0,0,0.060553566784379,0,0,0,-0.704853001276434,0,0,0,0,0.567913724410904,0.498354514253772,0,-1.02363930079507,0,-0.686417992141412,0,0
0.279776751981324,0,0,0,-0.237983371254335,0,-0.42633088119418,0.707159051581363,0.877340417732933,0.582558934521408,0,0,0,0,-0.3025339239063,0.682667670640688,0,0,0,0.285051745696466,0,0.396411689908682,0,-0.269173180894685,-0.240957296673725,0.404551387825913,0,0,0,-0.477604324660711,0.757757439079183,0,0.229586136025843,0.463207150712892,0,0,0
0,0,0,0,0,0,0,0.977294731879634,0,0,0,0,0,0,0,0,0,0,0,0,0,-0.587243357300989,0,0,-0.19808876901371,0,0,0,0,0,0,0,-0.330215110186154,0,0,0,-0.65745424544414
0,0,0,0,0,0,0,0,0,0,0,0,0,0,0,0,0,-0.999321487590772,0,0,-0.168861296553144,0,0,0.55377036317927,0,0,0,0,0,-0.353846147622342,0,0,0,0,0,0,0
0.414300239020266,0,0,0,0,-0.45091276150549,-0.847828462180941,-0.317627277526888,0.210944271128482,0,0,0,-0.167670207901562,0,0,-0.406028454712801,0,-0.471405660643781,0,-0.136007086020748,0,0.662308680727178,0.09443200140198,-0.659752493297324,0.740709557915445,0,0.112392529860844,0,0.465516625747758,0.118453319536096,0,0,0.271128780129884,0.261679462445491,-0.699031664394159,0.453537947864421,0
-0.056183995367525,0,-0.237717066389637,-0.0595868526372228,0.431182267134904,0.353585093933975,0.395138466197729,0,0,0,0,0,0,0.238638749446769,-0.299215846187512,0.916168406056025,-0.196586704409099,0.0969025241750054,0,-0.807258754159184,-0.182489637360682,0,0.443972171594287,0.434441130095769,-0.16360542430506,0.103482418488109,0.315379130150559,-0.252431062211279,0,0.313221660061436,0.162115588529205,0.304945062618608,-0.347801936060928,0,-0.707751811569778,-0.386040066079853,-0.462421754368419
0,0.201273780581512,0,0,0.0954406619658288,0.0281146794219973,0.125043248970743,-0.183058279626758,0.10746397493593,0.405569377703022,0.0692669356337832,0.0922561290916998,-0.238900784718145,0.0206685033791632,0.269264156544647,-0.421277057536213,0.00466968798884385,0.11937734671563,0.416643377019909,0.23683033950955,-0.385587936455194,-0.0460083033895715,-0.432232384949945,0.44092110287826,-0.0724836006766267,0,0.325970387502966,-0.40544335496454,-0.117625852219706,0.426379050587094,-0.267821697765546,0,-0.25749436256328,0.0919115538503775,0.445428081628514,0,0
0,-0.453111201149736,0,0,0.216337190950983,0.36571080033896,0,0.0572393107013342,-0.0497028435933853,-0.198315467355454,-0.652779769380932,0.336740409004629,-0.332801254534326,0.258116902643959,-0.195163493006079,-0.484447972996078,0,0.520948424419414,0.271212529295426,0,-0.092522221744314,-0.23863722275352,-0.397181121649898,-0.00698799333560187,-0.293673095493168,0.148043781876105,0,0,-0.297028699624875,0.309914114841676,0,0.0962109643217684,0.0696243017708755,-0.177277363119595,-0.805224055789669,0,0.267319858512534
0,-0.282494102822934,-0.116026740127683,-0.0938619588876846,0.901425205721238,0.808046642410854,0.585918367128616,-0.41235871429102,0.464100996895957,-0.128316805867848,-0.227557307489816,0.633177412729594,-0.448582057247701,0.329485840212174,0,0.19298092367157,0.193903351880814,0,0.325760167126943,0,0.454760551931984,-0.274078504581505,0.604342196293842,0.60801755619789,-0.372170750363791,0.0209665130020777,-0.386710755185541,0,0.569571912032945,-0.579008314333965,0.293915166342933,0.615889645762995,-0.264948005854976,-0.0482085025719211,0.464795726154983,-0.00837003719830016,0
0,0,0.363121237190151,0,0,0.335772761765481,0,-0.382634320021721,0,0,0,0,-0.245899009705698,0,-0.70634875570118,-0.605719480069682,-0.396686732845676,0.863649675984283,-0.552239023696171,0,0.730268869800565,-0.173951548577709,0,0.10849013766435,0.611584513662881,0,0,0,0.127419717413725,0,0,0.380357743923174,0.308982334206593,0,-0.538547200887208,0,0
0,-0.618630994060155,-0.572500197391385,-0.278971407729394,-0.262114777304951,0,0,0,0.285116648695414,0,0,-0.728551704437383,-0.570628174834483,-0.917400955099218,0.525770529590947,-0.43876714768452,0.188045460595488,0,0,0,0.908790021533045,0,0.709314507137119,0,0.27951692182845,0.241594531492012,0,0,0,0.664167511270928,-0.467086661700391,-0.428594419801456,0.344116546627113,-0.286915197026457,0.0672362305357662,0.405880498675993,0.259015200245088
0,0,0,0,0.374829268583245,0.222892216276497,0,0,0,-0.260322464243014,0,-0.747486836147592,0,-0.572618951727852,0,0.375680364347311,0.444892305281339,-0.456833871373438,-0.398394756546092,-0.807315405358229,0,-0.272218854831182,-0.311288226750046,0,0,0,0,0,0,-0.136620388360292,0,0.430724060835201,0.330607113245629,0,-0.60842674729939,0,0.557833977632988
0.737845074527185,-0.401962190473054,0,0,-0.437137478766665,0.0999265125757934,-0.401156236170335,0,0.205181312654048,0.350398441292903,-0.389250890463608,0.18349492555111,-0.745573229002729,0,0.0527613480150276,-0.367978440164543,0,0.195409257291566,0,0,0.450982283017105,0,0.173541454538872,-0.763747232282,-0.0298763882704454,0.214787267241887,0.42576572278589,0.0197338937004792,0,0.372084546036533,0,0.395583995563138,-0.328053131910596,-0.562203862016554,1.16507030039029,0.109043199577169,0
0,0,-0.177212608908032,0,0.512994727211969,0,0,0,0.261861089371487,0,0.447339037134092,-0.427738405147115,0,0.180427947556024,-0.367691531137054,0.294031426609173,0,-0.63813460628611,0,0,-0.367120129640604,-0.375826339645858,0,-0.224166146080981,0.268626813870943,0,0,-0.474425903266629,0,0,0,0,0,-0.465264717365747,0,0,0
-0.267890729890283,0,-0.167928155146447,0,0,-0.624302675986556,-0.753434024460126,0.563785740124378,0.671215825194285,0.641705443188806,0,0.431160551316203,0.407720542926993,-0.102441602508087,0.419447090654654,0.242843854824139,-0.522965644545631,0.288777842618398,0.628302370009565,0.849256979089428,-0.456155568508263,-0.470928957577764,-0.0492035003774917,0,-0.231559057275711,-0.322395624498326,-0.111462670222349,0.51289224814358,0.534030363675916,0,0.164317964164351,0,-0.0938792059742489,0,0.800231613283496,-0.547064411464052,0
0,0.0946607527620615,-0.410108737025339,0,0,0.126118557536678,0,0,0,0.589273627242199,0.677721346298935,0,0,-0.52405157118171,0,0.1796185156341,0,0,0.187084511746521,0.47631825595853,-0.550240443982175,0.128380867022881,-0.198873104782546,0,0,0,-0.35954766526786,-0.399503060843015,-0.457138202577413,-0.501576145501426,0,0,0,0.410102568640595,0,0,0
0.563766860658181,0.0849059507007607,-0.489467051325984,0.722236116704091,1.13541026281253,0.679810685663287,0.686591035599364,-0.13900363319601,0.407001306429744,0.168176347773523,0.290129310984326,-0.294020399024509,0.212487401157693,0.00913370644311888,0.859544947748044,0.102784192476658,0.0285041595871479,0.998211661907258,-0.129514396783403,0.731446000541067,1.59384183735341,0.260269813299706,0.569240447757904,0.939254396203669,0.0946965038699325,0,1.08491702241335,1.31420074351508,0.555437331462057,-0.386829981163434,-0.148926869515469,0.682465321355843,1.24562439718002,-0.14697040230249,0.357044760181363,0.138638414660034,0.570211978368373
0.0734077876722014,0.314658010393596,-0.290083714413371,0,-1.06235636486131,-0.776578263009671,-0.775677523246319,0.792697021509053,0.213200154303464,0.597230846238635,0.281592140739827,0,0.469969789919536,0.541671096470353,0.179788398167054,0.150055106811128,0.0160404404076124,0.0846291578695322,0.202010555227635,0,0.196273331984379,0.333541551060178,0.113161710475265,-0.380985832258131,-0.494563440511729,0,0.434968622091241,-0.373422178537266,0.422842916799563,0.726263757640451,0.412451222683077,-0.938484771894407,0.204732531447462,0.157678107013894,0.181767738275238,0,-0.376469418194758
0.0488687508270101,0,0.0470038188353359,0,0,0.00943030887048203,-0.280375487190792,0,0.202953433517034,0,0,0,0,0.0430250339987238,0,-0.664967700170915,0,-0.159038461760683,-0.323359479401809,0,0.497815656530021,0.179426841095226,0.459996021381496,0.18359061283251,-0.7503343248155,0,0,-0.343798758059952,0.769706315168558,0,-0.793776274272899,-0.369640671604848,0.441909668688593,0,-0.0907213368227322,-0.191363029947562,0.276393061877644
0.287241792748906,0.54942790190804,0.270174260715491,0,-0.550303821154648,-0.425267352827733,-0.211445143962947,-0.171453793829604,-0.613779578161663,0.548795404996476,-0.281991574185488,0,0.409674990942304,-0.836081588828726,-0.0670914570158141,-0.117078426105463,0.0521451851202217,0.409682351349389,0.0378588058712633,0.636542403500772,0.607990794379859,-0.171767792211535,-0.848453833240369,0,0.317096905597305,0,0,-0.35363030946267,-0.359508298179091,0.535015372002992,-0.188899143625486,0,-0.152594847954108,0.367756868211788,0,0.312034869520718,0
0.332158856142881,-0.415444178242056,0,0.5090902917412,-0.430258249676792,-0.393490698630073,0,0,0.52894347253136,-0.110624731917271,0.0979473591475207,0.312812980541516,0,-1.22978109730342,0.369228436489472,0,0.491360104416353,-0.175875922154226,0,0.837200887055687,-0.0525184432292393,-0.716093861825416,-0.283790994233542,-0.429084088271794,0,0,0,-0.351298029949457,0,0.428161928844019,-0.9519155658163,0,0,0,-0.322014645514974,0.411194034212993,0
0,-0.321926791211133,0,0,0.0978156860491652,0,0.0363815839484651,0.66130511033483,0.365254951200448,0,0.00113316946938369,0,-0.494323727594588,-0.360615158923697,0.327578186087873,0,0,-0.216330078044418,0.242976619212691,-0.122080272222281,0.429147766750264,0.214188044551357,0.285825332434328,0,-0.633266653349167,-0.126399653825107,0.470879012636479,0.776800865025342,-0.414997712729449,0,0,0,0,-0.482078595506555,0,0,-0.0895999962661229
0.357497628527028,-0.975232010997534,0,-0.403319223081928,-0.881666974213874,0.672521563447876,0.202006147984332,0,0.193898777526206,0,0.0560868958657511,-0.358652210223277,-1.20901408666197,0.194664462744811,0.663586990695664,-0.508019163708469,0.548086796640437,0.580585203515416,-0.809423961098309,0.2761386654616,0.899712216735287,0,-0.588275057156255,0.713844490985104,-1.04459363584157,0.607777991200365,0.845062704303004,-0.00440922125049938,0.415016360115011,0.0449539286415856,-0.482855820248274,0.712815762285365,0.450176359639237,-0.431289846386035,0.808635373155024,0,-0.324521468730014
0,0,0,0,-0.298289435708887,0.0719106084017704,-0.415325839056489,-0.227630932808481,0,0,-0.417433970007053,-0.374678125265108,-0.353559050515828,0.258694713196642,0.302027827939985,0.316248337007124,0,0,-0.264913590120643,0,0.975617682554366,-0.333884107552251,0,0.154135676219275,0.127023386437223,-0.372734916073705,-0.11485340216363,0,0.424150986918344,0,0.239369131117477,0,-0.471581171075399,-0.0184270944791585,-0.326581007378245,0,-0.3120724444556
0,0,0.0662209172289012,0,0.202165390408826,0.365445956876356,-0.016578211165205,0.728425322952366,0.545407358878038,0,0.600366638313981,-0.151586327018025,-0.0626558996695329,-0.127678453311456,0,-0.167957107331447,0,0,0,-0.548108587867908,-0.179655511440461,0.289471748526652,0.502831209110257,0.350591365626021,-0.313919724876759,0.151273415799363,0.523975924313877,0.189306888772392,0,0.0374608383956294,-0.12572659114114,0,0.515528502534935,0.0182657691472815,-0.210942124051371,0,0.195884422917573
0.775201361561131,-0.417277739896217,-0.244056976635984,0,0.201058697545099,1.21024738612352,0.614296433804676,-0.320366886981623,0.480636826603157,-0.271184072476442,0,-0.305498223608607,-0.780606338046465,0,-0.894958232314918,-0.83679795283241,0.447995319265886,0.118339597095817,-0.311600157453292,-1.78244783800069,0.390238891610488,0.638805773661042,-0.610414586716197,0.962537726778925,-0.419633054106019,0.435390369476092,0.75146795167732,0,0,0,-0.826575742096984,0.692397816683993,-0.342075434343407,-0.48948204469271,0.562650402456396,0,0.333175135275212
0.263283244088796,-0.442487662127795,0,0,0.421542271162815,-0.20294064099512,-0.232994771679094,0.311167984696907,-0.366677914477451,-0.250209379991306,-0.0739617765654353,0.176754191177918,-0.425497405893834,-0.0194082230364711,0.710067877509343,0.292376954126205,0.295714938379875,0,-1.04908076794922,0,-0.506813065772533,-0.32514363468253,-0.379702187369732,0,0.350865165330489,0.207552623310703,0,0,0,0.202321654970818,0.242677267736738,0,0,-0.528344922899919,-0.410982013516575,0,0.464774126403371
0,0,-0.616889891528913,0,0.459586881254597,0.316448410158914,0.321642466060087,-0.474743178108144,0,0,0,-0.296614287429547,-0.635172652532889,0,-0.314186511613565,0,0,0,0,0,0,-0.489780327549098,0,0.475102315628671,0.216654984268909,0,0.415521628740645,0,-0.292784840693086,0,-0.311842567093832,0,0,0,0,-0.33479042333304,0.389876054472375
0.12158089540899,0.420416594035374,0.454200780612861,0.162243180137195,0,0.602941834180627,0.609707257156093,0,0.616267730941015,0.00574224064822213,0.240663672846652,0.234362962749208,0.308853373966669,0.344368064836664,0.978450685242024,0.452978271772499,-0.0432963133790627,1.08447912074255,0.352597244138504,0.551364010551968,0.704459377572284,0.602351445398318,-0.042945959287121,0.40533403572069,0.00559705611660372,-0.354978388134291,0.447919644548603,0.1613183134015,0.817999960103547,0.0214318497064242,0.775200922856999,0.623616613511467,0.544087031523436,0.18765718427497,-0.170341772604443,-0.0113184210019357,0.316762476077862
-0.154983068468689,0.241918751314284,-0.27376988014747,0.0151071732480613,0.56535095755458,1.02469214930763,0.765388890594123,-0.183019736622691,-0.596416124061839,0,-0.068994718866171,0.0634447845132281,0.0280847666016001,0.266832989171004,0.593010294254253,-0.00878693857370123,-0.26706647341211,0.603406956016741,0.327202121658379,-0.301892468680531,0.190334651520414,0,0,0.877552828985175,-0.250327863168442,-0.137730090602964,-0.275029668834002,0.53753822337828,0.81495832243611,0.201703404063821,0.122612019601827,0.362915709234568,-0.345074569603301,0.127297668865081,0.482138217199645,-0.355160349679026,0.239523923059878
0,0,-0.332691936785628,0,-0.601967776704185,0,-0.862012055582609,-0.398378607542999,-0.452812808380114,0,-0.420683076887168,0.202217708175055,-0.70979610812233,-0.302567355396414,0.641152619287623,-0.663654596107071,0.839411085537088,0,-0.526944675575196,0,0.0685650388435266,0.580316268428491,-0.168628966409774,-0.280703896592338,-1.15632518098529,0.218840169750808,-0.547849021389226,0,0.294493337585716,0,0.18986871629085,0,-0.315215492672838,-0.360096903049728,1.45065692481928,0.428484219521165,0.437121338684692
0,0,-0.210399263124537,-0.310138702021714,0.235344745540862,0,0,-0.623311120864596,0,-0.601138065387118,-0.207913953931101,-0.51025051406769,0,0,0.244925196924687,-0.356671209889464,0,-0.527374908102977,0,1.03416183242759,0.83034621352897,-0.800536637381382,0.0225562693264003,0,-0.321765902144269,-0.0595577237704928,0,-0.0576827339579271,0,0,0,0,-0.443162511216799,0,-0.349863676953416,0,0
0.621039883769962,0.761503486283718,0.286742198115235,0.165544178072742,0.654726244185605,0.523276615349588,-1.25860599158704,0.390555840962501,0.493717541726646,0.208374452777982,0.655861871607449,0.395071467825519,0.418527731895364,0.499622186636729,0.656862898743056,0.00590285095769172,0.0966217260938146,0.309608103765425,0.492834948677431,0,-0.484290032243666,0.428810689684872,-0.22508762913802,0.981884908854672,0.308409496369083,1.00797163538179,0.968049103773662,-0.459521716924679,0.622195411939174,0.715021962758902,-0.331243084090391,-0.31066271328904,0,-0.0876027992439046,1.08483021939152,0.650144476471038,0.119600658962223
0,0,0,0,0,0,0,0,0,0,0,0,0.534202305257102,-0.502427339777523,0,0.131999835890039,0,-0.405075963828843,0,-1.49646527828704,0.0742286473627942,0,0,0,0,0,0,0,0.584103892215571,-0.652010617667563,0,0,0,0,0,0,0
-0.176001701313505,-0.425759783740855,0,0,0.0936764850110053,0.134702553076481,0.309310539732657,0,0.00871185902747509,0,-0.148012272075644,0,-0.341573374738876,0,-0.43984698882176,-0.430262686830502,0,0.19670239540795,0.513747686099535,0.701151782287077,0.708424819334072,0,0,0.203101947969541,0.301083641303497,-0.227081230629826,-0.215875084088229,0.155703442678829,0,-0.0529426468228175,-0.515156931511528,0,-0.11795496758909,0,0.240993572004779,0,0.0332122389446035
0,-0.37074150962319,0,0,0,-0.565248335411715,0,0,0.872946894718196,0,-0.539636365011216,0,0,-0.532930608788663,-0.350920612330362,0.29810266758179,0.272041112960826,0,0,0.724387950534539,0,0,0,-0.299851818630332,0.629885534323058,0,0,0.281234879565237,0.491352142515444,0,0,0,-0.423780783166156,-0.260999350666334,-0.448153771499542,0.335749050600712,0.388908320730483
0.60402215876767,0.361102998376278,0.743854267635356,0.511803099877288,-0.450773481606154,0.160733954892289,-0.177603518018773,0.53009223510257,0,0.52861043236787,0,0.220668813033,0.683471423820254,-0.163548282054553,-0.389781758773283,0.543737633295275,0.554248019501176,-0.361583671794998,-0.296640502915064,0,0.0751119681665965,0.57078770077326,-0.431679887045329,-0.42337683283843,0.747603160694821,0.645079160741942,0.5541838061741,0,-0.0702727877303787,0.569443119874063,0.427228986056146,-0.186984197531087,-0.316095014385675,0.458390718911727,-0.404177816159826,0.575762986434903,0.66609624159946
-0.22006844774436,0.433148443322172,1.00856211770417,0.36772908143061,-1.08785382942179,-0.0668653884212905,-0.590767889618011,0,1.4577839402586,0,-0.323745677865814,0.81835096423155,0.501814200437792,0.438416356207644,-0.191751694475364,0.109154800930169,-0.252341514332764,0.722132014917248,0.429142115258221,0.497827486949551,0.982419952857269,0.463795499177186,0.150287017207929,-0.746816805635309,0,-0.447742324066301,0.425282453158101,0.915570995168705,0.411659496354811,0.546949994054092,0.36482160442757,-0.375197697129041,0.629451995007142,0.614753947751668,0,-0.117808836910865,-0.298154837336346
-0.125069600031015,0.262692548686217,0.0932316059619165,-0.1237034681996,-0.208167731107451,-0.0713547679198083,-0.283046662330391,0.0971489304373806,0.0989634768145751,0,0.365894080063359,0.0729745109973774,0.258696690008095,0.336492955906185,0.184549218014269,-0.647518006122863,-0.0607893134081017,-0.152552966282097,0.15268814520996,0.756874538716562,0,0,-0.0473335235278116,-0.196035475233704,0.136610094307737,-0.093862225336171,0.0431015454202686,-0.229622971811272,0.108704552947773,0.00454147837916945,-0.533793547900779,0,0.555075416541554,0.180088464929599,0.515218629703627,-0.291566759346157,-0.496922336333726
-0.297334587366978,-0.358884975048733,0.198157206828468,0,0,0.13323583489513,0.408083923504423,0.461029191275155,-0.174219523414492,0.463178247495353,0,-0.048594710187596,0,0,0.076045094553141,0.350782266867793,0,0,0,0.664030648698512,-0.64978500230636,-0.228833417335113,0,0.425311802669132,-1.47878195158379,0,0,0,0.121239369794287,0,-0.0488836603699967,0,0,0,0,-0.233225840142316,0
0.0208721524570128,0.0529941194918737,-0.069400256348648,0,0,0.18395040653126,0.607006571579546,0.346497643739431,0.16277736590517,0.61573625418391,0.300355462766166,-0.0102448001057582,0.0889028369027634,-0.0422081478414308,0.17240049908556,0.376134647090282,-0.0843069071605043,0.150865477896656,-0.230645556237306,-0.26842613667022,0.0544780990397021,0.662916238408522,0.268559250961276,0.0742246798833768,-0.274607289143613,0.401462151415782,-0.239990087745168,0.236662030499611,0.298161735963248,0.280847098432994,-0.0369184792706081,0,0.157128405035598,-0.0932164027087451,-0.175291327560605,0.0472915393033263,-0.269893673057374
0,0.349433101800226,0,0,-0.430203937469082,0.486919496629844,0,-0.50269045572798,0,0,-0.466343425682087,0.333693761499264,-0.520923095066658,-0.237139044620872,-0.234399217540707,0,0,-0.384389588017392,0,-0.24977639681776,0.520440399527613,-0.198358993593697,-0.45032526731069,0.175624128976258,-0.41400858897499,0,-0.225320936164923,0,0.037409159630001,0.317186098824834,-0.0162499028863153,0,-0.461678408443058,0,0.989486226721521,0,-0.426639920457934
0,0,0,0,0.192947049508846,0,0.199469463278262,0,-0.333042907837881,0.252283118720784,-0.513030498378679,0.212101823376827,0.0969413784887891,-0.17026583430371,-0.197622844121564,0,-0.210559897940523,0.174481408006411,0.048930791223708,0,0.321025804237089,-0.0643914396551608,0.210111432692631,0,-0.260827721426857,0.154922085399305,-0.0583693119863565,-0.65420378217889,0.0523613705583372,0.0558095026719767,0,0,-0.362419859549392,0,0,0,0.361985112126497
0,0.519303535135566,0,0,-0.265497013565594,-0.244060573809632,-0.311167022225005,0,0.236754372835877,0,0,0,0,0,0.420122132310843,0,0,-0.308044596163925,0,0,0.555609451439171,-0.276745904581553,0,-0.458123264572611,0,0,0,-0.545870013095838,0,0.184017230587204,0.39100977982664,0,0,0,-0.968093173624431,0.166571193953885,0
0,0,0,0,-0.187288278812559,-0.415937177165797,-0.240959202288661,0.539064131359241,0,0,0.413477552805007,0,0.268575498677281,-0.359216604421946,0,0.0959083140890698,0,-0.391688685405751,-0.267878142259121,-0.814886124563373,-0.0655286732097211,0.316691493165538,0.431500484517897,-0.176823061743888,0.0883490899477776,0.0600562907019636,-0.221691070667074,0,0,0.103728755764125,0.417285787117041,0,0,-0.151697013110029,0,0,0.185750741745147
0,0,0,0,0,0.434271490360533,0,-0.633014306711558,0.641095781797056,0.190421741228784,0,0,0,-0.525328068815744,0,-0.637907213141236,0,-0.342763014015104,-0.401689811504399,0.986230191734645,1.11723931183786,0,-0.774812289810132,0.416761092792064,0,0,0,-0.386350557600975,-0.414811513196244,-0.809808413015888,-0.350517296650476,-0.245033721954728,0.25405827964955,0,0.583661234393134,0.20492268439066,0
0,-0.0995073484689127,0.0511692195752272,0,-0.171604969030032,-0.0605295470723771,-0.33604655411725,0,0.0251814559792925,0,0,0,-0.114180194792893,0,0,-0.236219995887002,0,-0.23314361687841,-0.193169594687913,0.399360528504554,0.561005296343783,-0.191293996253475,0,0,-0.395921807200515,0.0754360192505356,0,-0.510574205171937,0.150179902502912,0,-0.0230375159054152,0,0,-0.0645539003116432,-0.417644708986415,0.0448530627281461,0.295025222686022
0.368640027115309,0.231124209301675,0,0.149972579128638,-0.6188463272945,-1.5282737437618,-0.430045075472913,0,0,0,0,-0.0777304237000191,0.290679421003311,-0.544137488119342,-0.836680875021844,-0.638349838971453,1.00712368978273,-0.244460465119639,0,0,0,0,0,-0.840539601977576,0.881044934888657,0,0,0,-0.485784870366537,-0.223007970451069,0.140449635275264,0,0.215082195312171,-0.975487047214157,-1.04997008966222,0.399994197102906,0.380004147175413
0.265743134861645,0.55179530958481,0.498781056724056,0,-0.976409299168403,-1.7283463564445,-1.26985071492962,0.443888389675307,0.124827203583112,0,-0.232988760859015,0,0.754369189129944,-0.362746466727389,-0.260066966965116,0.0349132942089553,0.240305928529529,0,0,0,0.157310976181179,0,0,-1.54501389568554,1.33378773694839,0.32553379646476,0.0204696897699745,0.162667143486027,0,0.0571545201226437,0.477532884052164,0,0,0.195772371698072,-0.847708018100586,0.2752008040075,0
0,0,-0.247336617463571,0.578266661670093,-0.335136377792859,0,0,0,0,0.417687721656832,-0.772205245407035,0.313849088293195,0.352750333057361,-0.259029071565373,0,0.298639523002696,0,0.0511007508058962,-0.359612705748037,0,0,-0.483333501929964,-0.326519869997808,0.027912555495277,0.488310331883802,-0.0766959466731617,0,0,-0.239983441742895,-0.561252016029303,0.669464720428139,-0.317093726081811,0.338871200335883,0,0,0.515741435950948,0
0,0,0.64114088942417,0,0.256180956561376,0,0.0212433884062964,0.825943653409581,0,0,0.479247169395316,0,0.538068622566624,0.171628523173318,0.933446780253924,0.588801039821167,0,-1.04534372608826,0,0.762834226203897,-1.06561170829335,0.0325608688905826,0.538552941430373,0,0,0,0.758828764582179,0.789916597038474,0,1.01262090570179,0.263369865569276,-0.874263965429529,0.421687086352727,0,0,-0.384080334901019,-0.46770639672098
0.381708020888964,0,0,0,-1.07162788447502,0,-1.02289503318309,0,0.419303706177488,0,-0.29864289071249,-0.303349349191481,0,0,0,0.233274161978199,0,-0.184716549033828,-0.587688193201245,0,-0.279503752630459,0.100495377786893,0,0,0.686347758467512,0,-0.307930928063587,0.713349242609327,0,-0.156259029479103,0,0,0,-0.379145023058598,0,0.377933585907726,0.59866104245472
0,0,-1.18699199650742,0,0.75789155707754,0,0,-0.52911912678753,-0.738421743135618,0.559428424159466,0.438238809024608,-0.177351606622037,-0.384251317353437,0.255594089149361,0,-0.770763382348551,0,0.116654110505359,0,-0.584500824688915,0.297657282377076,-0.635804884284911,0.231550742375228,0.407204879802544,-1.08573730961777,-0.321084227679327,0.0872191288884294,0.349712789651276,0.783715051177795,0,-0.341032298540835,0.589291992583716,0,-0.595124554276139,0,0,-0.17338104221732
0.694723319572284,0,0,0,-0.541713155303901,-0.584140682388851,-0.265475528141216,0.929291541779723,0,0.732694652717387,0,0,0,0.0690573639923309,0.297232873851757,0.550615623114493,0,-0.830264704747212,0.656696002131562,0,-1.23598831428164,0,0.72646180366289,-0.0872023187787411,0.388584535666253,0,0,1.0126275796889,0,1.05908702700991,0,0,0,-0.0658508647087349,0,0.819106189695554,0
0.802349253202716,-0.202835302644729,0.350046804297003,0.70748889253674,0,0,-0.202902357922801,-0.213778428188281,-0.168501214724246,-0.199970209699127,-0.499794420766938,0.678721631855464,-0.358394670125034,-0.0605144678373574,-0.444206914974146,0.251553541469274,1.03710260020628,0,0,0.211309995065603,0,0,-0.361336213479414,-0.0554058690690173,0.987713441848367,0,0,-0.0179535665881262,0,-0.181748480466679,0.244113200061441,0,0,0,0,1.08325403191662,0.592591331338179
0,0,0,0,0,0,0,0,0,-0.788256504680931,0,0.715211717853339,0,0,0,0,0,0,0,0.787509513444954,-0.546172903367537,0,0,0,0,0,-0.279217918550634,-0.769458823113749,0,0,0,0,0,0,0,0,0
0,0.125845467895462,0,0.332493980183315,0.190170313327994,0,0,-0.246056466245043,0.0829208208918911,-1.40602130144332,0,0,-0.0967874596301483,0.378598664027941,0,0.209867128667272,0,-0.455999990857299,0.144871779247376,1.45337429187879,1.51810910362097,-0.289669024885369,0,0,0.218362116217616,0.236370866510053,-0.325327791189191,-0.111959933170368,0.487987921661849,0.110488321260492,-0.145361533771541,0,-0.89480563798579,0,0,0,0.33824995898931
0,0,0,0,0,0.238959407306283,0.475035706091124,-0.469108308271288,-0.707435827000906,0.333123284388658,0,0.322214002923432,0,-0.502490077818808,0,0,0,-0.417052751445103,0,0.556239876207529,0,0,0,0.445668398160656,0,0,-0.392915965684968,0,0,-0.447472241389498,0,0,-0.650390517254721,0,-0.44554502632953,0,0
0.145755551487055,-0.113643698597141,-0.002237258791444,0,-0.0584603832696692,0.0650149474079173,0.0716430408220097,0,-0.195657975964532,0,-0.154718142441843,0,-0.309197741399214,0.200744675733688,0.0379166307216263,0.0160425150095205,-0.0366166897386748,0.0814246427094811,0.230752294417922,-0.25837926552273,1.10000189385862,-0.267657696770259,-0.115882623239111,0,0.512568039067422,0.0666767275922267,0,-0.00650016125420888,-0.205258835281804,0.198474307883141,-0.112126366922605,0,0,-0.243967199451739,0,-0.160976324954757,0.311387967526868
0,0.0589450598377482,0.37509677398911,0.153171069915877,0.00148447797840367,0.0048122815854745,0.377076438658565,0,0.173179104122238,0,0,0.14587391663792,-0.0201688865578308,-0.245987893817322,-0.19866745118919,0.34566602140654,-0.299192620710612,-0.295264688977522,-0.431014729615037,-0.384863707346986,-0.209858002250606,-2.39890303584482,-0.563426605846434,0.478205090681484,0.0947288567938286,0.42583131693165,0.512567140498052,-0.643217691422869,-0.350556469723193,0,0,0,-0.385479021840123,-0.0539491450058084,0.155838827827296,0,0.395537765487457
-0.129858429975961,0.365567645471113,-0.0897533470711053,0,-0.405822369075585,-0.308477440546218,-0.32254416547521,0.283131145744806,-0.0426435183579905,0,0,0,0,0.0456563045707594,0,0.23301385058691,0,0.39838883257921,-0.162861852302812,0.425013661567397,0.60981802715683,0,0.277637856138643,0,0,0,0.959341294686703,0,0,0,0,0,0.565928388501897,0,0.23546536947081,0,0.367109133513676
0.699592137046589,0.232946766115681,-0.107039762494597,0,-0.548819915900903,-0.452196217875673,-1.10648720423475,0.634890454510418,0.0786352470252804,0.915580300105239,0.493387457332868,1.05192239700734,0.196792291757522,-0.212693905712311,-0.552061949248384,0.626128215238623,0,-0.0511131437084508,0,-0.140416672788293,1.5301049691008,-0.0964116733663824,0.0110629489852598,-0.843635858618601,-0.217612687735753,0.0787165838277688,0,-0.197056612248893,-0.472013553242149,-0.171009546520289,0.531260856094343,-0.174090246917306,-0.12500514159696,-0.0458315271245072,0.370522912623797,0.300780374345739,0.379952616898687
-0.1338022678463,0.645603966586406,0,0,-0.0857517642619038,0,-0.129831931380811,0.319580464136444,0.224039176552721,0.361203712723097,0.150677885459658,0,0.461742834506025,0.232793980024962,0.308627319011174,-0.52062644356838,-0.40171858017615,-0.142010432593989,0.268444199047907,-0.160502553050644,0.0868787680853598,0,0.703405574976356,0.200260177919148,0.746404372656174,-0.262306592061372,0,0.536777293028254,-0.190141234965536,0.426046426439499,0,0,0.325210594838474,0.262840930204029,0,-0.13810663163405,-0.0940385396951535
0,0.370538328807641,0,0,0.400087414010465,0.467796568333604,-0.0272939033586722,0.250705024467587,0,0,0,0,0.228551451270262,-0.226070716969024,-0.358523997057804,-0.171283984565088,0,0.082868749610174,0,0.332101124346054,0.890115773706601,-0.46646107509993,0.304939343379015,0.744210621978427,-0.48885809051209,0,-0.280534232472105,0.552152180927916,-0.873149187626684,-0.118975261670252,-0.982638966603006,0,-1.02959402080537,-0.309884986758949,0,0,0
-0.264510019158405,0.826622119632034,-0.651015685046281,-0.107841724489558,0.143706179292597,0.189852627625298,0.647214869615388,0.463342457457321,0.0308165452652638,0,-0.181255401924852,0,0.551098861486825,0.379504841513197,-0.967565457981621,0.355120347848465,0,0.579322171166545,0.891024158098136,-0.283868693221791,-0.71454733002143,-0.0106942822199208,0.326396855347105,0.226814742913286,-0.164171645492985,-0.557405264249284,0.196945369267071,-0.407796866590093,0,0.139766587932859,-0.305186847833103,0,0,0.389484683823978,0,-0.0127082028762601,-0.28177022051624
0.504086220312085,-0.256607565212906,0,0,-0.42369019098559,0.532034133609669,0.563917575627581,0,0.370881135730447,-0.155558153170872,-0.458558182455215,-0.908480492706626,-0.26656358882694,-0.470071246859504,-0.371361800699549,-0.156205458837455,0,1.03864870388847,-0.419879028959257,-0.925658904585107,-0.215223313928533,-0.018384477701366,0,0,-0.429529951821211,0.278647389637621,-0.177203003581876,-0.580910365836041,-0.485109420206592,-0.427064168792071,-0.643996794558927,1.10050827302952,-0.280316649589932,-0.710043332298958,0.843139521239426,0,0.913701779394563
0,0.069173239228142,0.0275057043582561,-0.162107672235993,0,-0.200810685560552,0,0,-0.207732158549447,0.345913172642158,-0.433138989513925,0.27935902830456,-0.124428659091508,0.682969991014263,0.025713252955241,-0.312685809977373,0,-0.389895308781333,0,0.587117659327077,0.374182691007221,0.201027418445947,0.357212463705218,0.156427779928258,0.165287951334747,0,-0.238228136736415,0.18867028318685,0.403781921204211,0,-0.219560200317682,0,-0.232833975572921,-0.111077950175185,0.391744191610133,0,0
0.0851909412171635,0,0.110802255799772,0.200416548651346,0,0.172703438100652,-0.0318283429880145,0.569117434364054,0.1682994293647,-0.269967631578877,0.399550580074381,0.522815327406314,0.116383430413628,-1.12584369002392,-0.429089454272784,0.0848260624377732,0,-0.445741687949523,-0.413214123731413,0,0.867429671203339,0,-0.543856524357731,0.416571448372325,-0.461412675573269,0.0842071514451014,0.216437717756152,0,-0.452868025354475,-0.0447231018497165,0,0,0.169548318390023,0,-0.510295756036904,0,0
0,0,0.0277500570477356,0,-0.0856458363002838,0.0766131449560523,0.0775863555625078,0,0.310592665757771,0,-0.310611976506637,0.515690475030303,-0.287598958455528,0,-0.400206836047227,0.235799143724508,0,-0.67898344506703,0.232500665287347,-0.339783000362166,0.140524036008709,-0.169857200348057,0,-0.119863764439381,0.254931008749233,0,-0.0989993482432648,0.0385847541282684,0.0130380519110037,-0.157342553070508,-0.132388506684079,0,0.384731557435641,0.0786976371442177,-0.00221506288726142,-0.0261574922107803,0.0532569650056729
0.59054008110524,0,-0.470068166478174,0,0,-0.140176375833314,0,-0.491309915943187,0.262922642199674,0,0,0.210005298439119,0.384671814815045,-0.431481326681825,0,0.0617950413938156,0,-0.335469954166984,-0.0996914248382742,-0.993750934273975,0,0,-1.12042934442992,-0.00142143933396553,0.54323806927562,0.305417570770094,0,0.328431198921744,-0.227482659836457,-1.3577540795951,1.14727629022159,0,0.490927068701656,0.11216408866332,0.142331488255802,0.470585061936112,0
-0.235076776264834,0.0239214075380541,0,0,-0.239796217538993,-0.529216574002868,-0.149198842796218,-0.369321157243776,1.03959718672928,0,0.461785182730992,0.100981379646358,0.29558346338419,-0.323945315366721,0,0.279345924619666,-0.373097674361704,-0.307740347674792,0.0389217133406523,0,0,0.181879730578476,0,-0.504941825901182,0.252835875194931,-0.186244172952563,0.215049155163772,0.234363281074785,0.26733047565433,-0.244600858547542,0.110666302089807,-0.0423025251173538,0.0792877450705388,0.0825024278631396,-0.257914736788204,0.106274342738247,0.0892190070607626
0,0.0482296522886113,0,0,0,0.495665556787918,-0.344152219169737,0,0,0,0.199417362586599,-0.0816806475714415,-0.519261799413932,0,0,-0.358416232977458,-0.276828001667931,-0.322461604201686,0,0.211103627484604,0.885782177369094,0,-1.1851679361029,0,-0.327769803143849,-0.332873186123069,0.229547734227486,0.271636280473586,0.269068265706325,0.120170937973411,-0.272786663938119,0,-0.221453504482857,-0.452554035643274,0.438236754915683,0,-0.390013706645449
-0.72122435579064,0.523888143531027,0.280164727596951,-0.532289945475818,0,-0.252504094344113,-0.687871664927712,0.239409486331864,0.511635074968251,0.376014625422842,0.501430974529153,0.442452482158223,0.335535469560148,-0.403028109496505,0.373212034606331,-0.539869315364298,-0.260693398723211,-0.232981223652055,0.307774326973053,0.632425851203316,0.824804095212466,0.267681393626033,-0.230621683978054,-0.365353053592494,0.301594585710583,-0.799657194474395,-0.300998234140344,0.275657598152351,0,0,0,0,0,0.554399191136335,0,0,-0.977166673968417
0,-0.475240640100848,-0.535397093816274,0,-0.0859918518655033,0,0,0,0.238404335163413,0,0.445116873460419,0,-0.532566761486815,0,0,0,0,-0.387226993764944,-0.663625578857836,0,0,0,0,0,-0.174439968835272,0,0,0,0,0,0.315836444702032,0,0.657982662916608,-0.384757982226858,-0.903911455425161,0,0
0,0,0,0,0,0,0,0,0.737940832421475,0,0,0,0,0,0,0,0,0,0,-1.22417307307141,0,0,0,0,0.876396271252064,0,0,0,0,0,-0.594970983228867,0,0,0,0,0,0
0,0,0,0,0,0.1853563150609,0,0,0.53534074873302,0.17197078127027,-0.188330972489743,0,0.398704464608571,0,-0.291544013602879,0.47087207894655,0,-0.295417284688449,0,-0.589405266490168,0,0,0,0.169156830531483,0,0,0.191961209664024,0,0,0,0.0127155127571713,0,0,0.279853302046998,0,0.309480655596915,0.0377723881795068
0,0,0,0,0.426314505951585,0,0,0,0.369864815412639,0,0,0.788486265426188,0,0,0,0.530058777369065,0,0,0,-1.71374392080976,-1.84089613718761,0,0,0,0.324758414607455,0,0,0,0.615265692282922,0,0,0,0,0,0,0,0
0,0.184054921805974,0.0475829336630772,0,0.227659360474031,0.288016109567995,0.371256894601901,0.144596871769751,0,0,0.110486279431804,-0.195418969862145,0,0,-0.261336366670108,0.0559950310254657,-0.249428021060304,0.54670419265181,0.250130623922234,0.53553577312935,0.312797022004476,-0.716089559292225,-0.0465424083276772,0.361600086670241,0.438851770544805,0.118748605215268,0,-0.368869315263502,0,-0.235549052404511,-0.0933890580735357,0,-0.362100155564103,0,0,-0.0833192107118818,0.688534557195995
0,0.524116323336075,0,0,0.537163999520597,0.444753605174236,0,0,0,0,0,-0.576074635193572,0,0,0,-0.140808983418725,0,-0.296283432129335,0,0,0,0,0.6465494275809,0.617978766716952,-0.185903746739019,0,0,0,0,0,0,0,-0.411431755349674,0,0,0,0
-0.0498264078965389,0.130627690367855,0,0.122504612053095,0.288011701927666,0.361573175513349,0.314226154573013,-0.879404360093733,-0.0360847757224814,0,-0.321626310896352,0,-0.181748013481999,0,-0.774300453912768,-0.69595995111122,0,0.2269344743344,0.207772060642819,0.198025154944024,-0.689654353520893,0.332966789004159,0,0.265231169680753,-0.451963929244837,-0.208052683574911,0.0234905938344481,-0.376231564575148,0.178108606445319,-1.39871674053035,-0.783975265137836,0,-0.0345219774371701,0,0.134417432702361,0,0.280099375046077
0,0,0,0.325589695935783,0.0379272556459497,-0.0773021382540918,-0.128926753177463,-0.269844831524404,0,0,0,-0.129528514210142,-0.0457616428418873,0,0.000680832349973301,0.511716663433757,0.296858063682434,-0.484220503488996,0,-0.271128637901147,-0.323048102573552,0.00876057367486761,-0.242355122590324,0,0,0.298889446049182,0.0912087520671777,-0.547493166434855,0.337463418900021,-0.11136654416929,-0.0437154806113509,0,-0.124145484770258,0,-1.15700463473582,0,-0.146322036878483
0,-0.0421936755249826,0,0.189961416026544,0.475272844011766,0.0770498764051119,-0.266444918933816,0,0,0.801257302639554,0.297461701935631,0.206380942487934,-0.369626984915369,-0.959578824147519,0,-0.52403867633149,0,-0.0538419486519892,0.206804672218984,-1.04945691350165,-0.342982097813441,-0.143840270563919,0,0.300287915332284,0,0,-0.233617595687711,0,0.186616103332034,0.231270923545791,0.19834385359411,0,0,0,0,0,-0.0927847522953002
0.339591253843777,-0.594954589043618,0,0.128288405242831,0.237564529038781,0,-0.0887465632391524,0.776119015516583,-0.298553183524375,0.134253481707141,-0.211830824502577,0.863811692508907,-0.778499469724956,0,0,0.164265285201401,-0.672103864311227,0.478498481715328,-0.210382386392544,0,0.830859420378745,0.303988686153759,0.724773899447888,0,0,0.118246349199059,0.0307769870403826,0.749282161441305,0,-0.180271398972639,-0.375104159689886,0,-0.124468857624373,-0.223472619166766,-0.253735945165478,-0.331805128685144,0.3053261256539
-0.529283401986674,0,0,-0.658174122181588,0.144805011877371,0,-0.39373387542083,-0.273130672991931,0,0,-0.618148986491545,0.434449133417019,0,0,0.570020686874296,0.0492402930149786,-0.49649980329412,0,-0.667318821952282,0.278689874336123,2.40337290294634,0,-0.516001672959302,-0.671526556875061,0.797551823095773,-0.577491655317389,0.41193669550986,0.934597619089554,0,0.254358329978022,-0.463855017595745,0.395705670589736,0,0.10347573396002,0,0,-0.607646430996142
0,-0.800177782512374,0,0,0,0,0,0,0,0.757232306506285,-0.557768031123319,0.553449384749825,0,-0.524993084293449,-0.402235759560389,0,0,0,0,0.783771251128094,1.00269522046579,0,0,0,-0.565421240655152,0,0,0,0,0,0,0,0,-0.415916581815081,0.376036767804859,0,0
0.420153152702935,0,0,0,0.256735560410388,0,0.621383021479361,0,0.25186710875616,0,0.202071916067773,-0.0605153396139727,-0.305105134373522,-0.641410423981712,0.458938683237802,-0.573922527591829,0,-0.22324060962468,-0.485178937243016,-0.0432338284780093,-0.349900838182216,0,-0.427630367668406,0.392459958384198,-0.355423870051671,0.561009853851438,0,-0.263101231824871,-0.607150838940778,-0.89929042003388,-0.180008914532236,0,0.121832670634697,-0.333275952372061,0,0,0.639712431596885
0,0.0962796576032305,-0.000775418833462018,0,0.277404109445167,0.382325363172634,-0.161640524597894,-0.208073083556102,0,0,0,0.593502660383051,0.449248203439252,-0.309240204406182,0.149731347040497,-0.190443714375725,0,0.352191495012153,0,0.102892633885355,-0.0741512258627936,-0.214898663165137,-0.335240129726317,0,0.418451772494703,0.0867605107442412,0,0,0.205456083423237,-0.560909075987705,0,0,-0.28119342708891,0,0,0,0.147437941859148
0.57504172803115,0.0258694521639477,0.536618468870914,0.49477575848122,0.463507987275305,0.0796326733142547,0.0887840621104277,0.0926388746779515,0.795464392572329,0,0.8832710213877,0.770144664181692,-0.109543445744304,-0.572005563626712,0.257468178420157,0.438094688030839,0.257898347403807,-0.24897220502684,0,0.898121244325925,-0.740294562205214,-0.00245189422586719,0.334685212894,0,0.584914763584584,0.468749222631116,-0.039864933001456,0.464163847806318,0.958587149605326,0.594122752527071,-0.0645477253740417,0.158991432479758,0.100864166691199,0.117104101055633,-0.401332686738411,0.393727797823541,1.03467764898698
0,0,0,0,0,-0.935255143013163,-0.713542099404852,0,0.517552933273196,0,0,-0.709171928444338,0,-1.35488683047131,0,0.0408101552598589,0,0,-0.883603677026604,0,0,0.644111874901048,0,-0.585446780693691,0.67656542390997,0,0,0,0,0,0,0,0,0,0,0,0
0,0,0,0,0.283407270779709,0,0.120134731776849,0.265015816892246,0,0.374694120430032,0,0,-0.650621649284627,-0.387430869993258,0,0.622679919346953,0,-0.471498044729292,0,0.505106955746459,0,0,0.0697877429153254,0.291416981270324,-0.446901667055009,-0.46235360750649,0,0,0,0.203378428035201,0,0.414613867416479,0,-0.517921439398782,0.180596245640508,0,-0.13712693374998
0.397984063878677,0,0,0,0,0,0,-0.314401944239179,0,0,0,0,0,0,-0.137639038555618,0,0,0,0,0,0,0,-0.175871514443805,0,0,0,-0.528080084120525,0,0,0.403159032305908,0,0,0,0,-0.357589347430546,0,0.533150259898078
0,0.210240871977894,0,0,-0.3359039071934,0,0,0.266967146574932,0,0,0.311807318414784,0,0.294739839446072,0,-0.0884301090733775,-0.194925473971164,0,-0.127456100848304,0,0,0,-0.179239000213332,0,0,0.0193761665240735,0,0,0.485566602832801,-0.574948310235035,0,0.292399430509374,-0.217278389308036,0.448222205574707,0,0,0,0.22130026601591
-0.963258019432808,0.545624741054987,-0.215544359021979,0.55708404648972,-0.259532549755118,-0.44300601866372,-0.57519187679515,0.736867848582643,0.770602916164612,1.02606219787987,0.049181957998151,0.821928087340833,0,-0.697961110655714,0.519817280449182,0.345005986203758,0,-0.782276545935895,0.631988255107599,-0.324640078769695,0,0,0.516830070275151,-0.970040832458653,-1.31045925651931,0.420074971857223,0,-0.223027740547308,0.791896252721932,-0.519158107693092,0.193046776429346,0.453606327600241,0.423350148727862,0.401519330230623,-0.340378364480778,0.332903111082214,0.369765867439284
0,0.435110793970103,0.229263843311963,0,-0.698971339301622,-1.04434636909712,-0.747866433534061,0,0.462745951884716,0.4683082873521,0,0.662030677957155,0.186269531266557,-0.951992094080196,0.491550282950739,0.0421915360329567,0,-1.74124845474446,0.504235640995163,0.533726084832531,0,-0.496073918381896,0,-0.844724568881885,0.102442922726196,0.273748661004998,0,0.468504579394294,0,0.12672802353673,0,0,0.492448892211668,0.535933677862906,-0.89540455572403,0,0
0.286475262311529,-0.123487424540786,0.229915211942822,0.642718016295958,0.186293785045474,0.152145869771726,-0.615343679516238,0.265492035201822,0.901133644544759,0.443352650551096,0.116715655454999,0.196336458381102,0.0101608292089111,0,0.824045061727442,0.0397874697341323,0.339144678641147,-0.131040882422726,0.814394102646814,0.137184341024718,1.07337171395726,0,0.960198923140027,-0.185563624166153,-0.12190254803225,0.79283523738819,0.199231579508412,-0.0062176260036448,0.102389920798984,1.16883279323989,0,-0.0122529187634806,0.594158897080322,0,0.361073205752051,0.414223347333555,0
0,-0.289044381671966,0.0516887608849539,0,0,-0.195636902968814,0.0149184314979259,0.0240141829433567,-0.210577387706763,0,-0.0552029590087894,0.228362084594169,-0.169014267816734,-0.0751745765947845,-0.00119095102571278,0.0172565461362927,-0.229232928673856,-0.146964402682911,0.210552633340093,0.198358732160703,0,-0.276862870822557,0.525970135647786,0.0186523509205467,0.0350859005913624,0,0.242487184130854,0.152995082200771,-0.0489877183784598,0.201427635583495,0.000510294547790735,0,-0.187246183789447,-0.199600513724169,-0.169207045659502,0.0186709020916774,0.0320761528579928
0,0,-0.40530761955592,0.175098771941762,-0.121743077394478,0.391606159228714,0.148474204062786,0.207374000238597,0.24182334115051,0.0520378146468937,0,-0.156886927708973,0.105506142902691,0,-0.0189124755822451,0,0,0.165514199349767,0.238695070818346,-0.217925101417312,0.382758842529941,0.224014172526785,0.245672165834217,0.504601066658741,-0.380535808125198,0.412156237935008,0,-0.130028481036911,0.232564040676028,0.352542105351389,0.093594043751227,0.310046736500285,-0.0511155604029841,-0.0177558053675413,0.197020031569625,0.0877876603127746,0.33740920312863
0.66210074047558,0.571791836766429,0.424854267975888,0.496129762197082,0.179604171208145,-0.039975654908758,0.0150922610143828,0.521851995128636,0.921945075504482,0.855433056755127,0.423634609310857,0.350466408365693,0.378410524312211,0.43770734495051,0.300246908987391,0.613783545839008,-5,0.563267182295116,0.680527880106366,0.496293028423222,0.164167905692011,0.13516267554561,0.412702709941332,0.23965570720972,0.589347873115912,0.397488780808309,0.860377648799191,1.00952322996525,0.305866346784065,0.742831201761875,0.542792791885023,0.336805100576336,0,0.501186838465293,0.763075120735285,-0.383186532495732,0.930623810971156
0,0.178128853184258,0,0,-0.614212495244751,-0.542724707058036,0,0,0.414529689054329,0,0,0.0545265987458911,0,-0.294216797919103,0,0.234462594947165,0,0,0,-0.351409253921817,0,0,0,-0.60171219379493,0.025884290223409,0.054653284565498,0.0503310051874633,0,0,-0.100319281382026,0,0,0,0,0,0,0
0,-0.477675419400844,0,0.283512489611928,-0.325914754524926,-0.546242952293835,-0.705159660634813,0,-0.384965920385892,0.025051407276357,-0.392132921110237,0,-0.746463308725283,-0.516997480165213,0,-0.578477561821158,0.249737123227805,0.259485733590146,0,0.206578281290082,0.263332462676045,-0.279511932487669,0,-0.706264686053309,-0.973462249638379,0.548271572231428,-0.676726382795591,-0.343949188200295,0,0,-0.404689432195731,0,-0.459197280992493,0,-0.109738424411145,0.359139606679094,0
0.019023815700852,0.0147821867012184,0.0977032401756327,-0.105934719730903,0,0.194609347553621,0,0,-0.109709093996844,0.409111843090459,-0.098171682110911,0.0662685874706744,0.0429050938247395,0.295281342119731,-0.0724676279817337,0.536305156754129,-0.216532287270134,0.313625470135174,-0.206682938252249,-0.0465911356881221,0.220107410778521,0,0.507764043554601,0.282069823006985,0.366894519743327,-0.0670701342307415,0.158830140386784,0.223987678868316,0,0,-0.187278753171912,0.229428307731827,0.249492546907294,0.116441786506547,0,-0.254427598775052,0.225110501854836
-0.328945902145657,0,0.522395909932552,-0.224819891386926,0.350393042889023,0,0,0.627809824510487,0.118580102834626,0.158820490399535,0,0,0,0.711695651689245,-0.543378897361258,0.232271358082101,-0.489619556558237,0,0,0.816085335865205,1.05849041315419,-0.306814299236657,0.280910496365281,0,0.225908818870794,-0.345814239182625,0.266429659151792,0.291321084079074,0.312306987272839,0.439362171424521,0,0,0.174752558710254,-0.171138172346618,-0.580893014576835,-0.489516048706159,-0.436574911738381
0,0.472913853340094,-0.0113383759339652,0,0.179072679250431,0.567342410889662,0.361684057751854,-0.0639768945594975,-0.239999752514019,0,-0.738869740834704,-0.179008136516699,0.54301891386315,-0.770098405316103,-0.933586246745833,-0.546773548330282,0.562077134686366,0.488512417552004,0,-0.439255887488877,-0.495127710350552,-0.727041915007841,-0.773897261185826,0.602031528814298,-1.06041517605476,0.208998182300759,-0.37549382025859,-0.916152488140621,-0.188230277015452,-0.259218390496121,-0.83040850592781,0.408515443758476,0,0.0615201502906266,-1.28462714753094,0.291409355386122,0.776100226542197
0,0.640002944615485,0.214312591226649,0,-0.574369964643873,-0.0384367436550094,-0.480249851106828,0,-0.363119648731166,0.0564324501882046,0,0,0.394772149686198,-0.571794522577137,-0.286307407287232,0.216951174107591,-0.1831501097194,1.01241200360814,0,0.510005840573403,1.72676719894731,0,0.00439197593115425,0,0,0,0.122178242674449,0.310712165739438,0,0,-1.7570605566634,-0.792071146729975,0,0.561099616851462,0.258956412197754,0.356815528019728,0.0476268981621785
0,-0.172532876395079,0.604177978953983,0.130036540641227,0,-0.293627776601252,0.0336375649963781,0.315667210843969,-0.496000154596879,0,0.144738444796279,-0.191750208312272,0,-0.426212575414901,0,-0.837749266427178,0.0888211282960362,-0.283591684164063,-0.393421442526909,0,0.794203024189735,-0.181334164789163,0,0.284461918197186,0.155277436065878,0,-0.299048419903918,-0.607057575567543,0,0,0.102948001252265,0,0,0,0,0.249871180603455,0
0,-1.02459186657,-0.462671703467841,0,0,0.49010828133959,1.04752830282061,-0.821138154170102,0,0,-1.19624906251956,-0.377549145575319,-0.738570553439781,0,-0.682994416912206,-0.262224066325946,0.23505300637423,0,-0.478972217456981,0.676830138914481,1.9537651674506,0,0,0.914183216637965,-0.562309901154691,0,-0.565925352562491,-0.306808720391291,-0.348148285533482,-0.314413109597064,-1.05413239100264,0.876701641281048,-0.488545049586592,-0.856177268216259,1.07471682594458,0,0
0,-0.25993263562461,-0.265408884391354,0.338308571525044,-0.0494070694755984,0.0174157719295437,0.140989453497881,0,-0.398386291266947,0.385029797866932,0.425413683369841,-0.0366178252364193,-0.548915439116466,-0.175232043819294,-0.263545283805129,0.363288785666354,0,0.504921464997951,0,0,-0.55067490381318,0.0275378027760569,-0.0684840404041678,0.459698125435173,0,0.160433839775652,-0.234335353010069,0,-0.196520443434698,0,-0.224392885432867,0,-0.176863867219311,-0.16533360646282,0.275717473364342,-0.052199805738416,0.573399013435739
0,0,-0.374031971125714,0,0.450189497553081,0.320302849205212,0,0,-0.389561283437271,0.102519283588169,0,0.218077256492609,0,-0.354438348453288,0.166795942983965,0.496628417080991,0,0.44176249619074,0,0.392942391419611,0.577792565416163,-0.447195370709815,0,0.00775994288795705,-0.377803640219624,0,0.36684256059374,-0.345853487218579,0.220207868525751,-0.270092180457916,-0.426140678762222,0,0,-0.58358138558545,0.664986621930857,0,-0.219650508797191
0,-0.497527113597759,0,-0.252087953061936,-0.282257006452832,0,0,0.488817958610441,-0.108265208333801,0.539665247051639,0.169207765616067,-0.277469172068065,-0.30673179425797,0.0824228631911225,0.326309073410718,-0.499005534211306,0,-0.0997700847600733,0,0.717483854372719,1.76203376871461,-0.438834514629661,0,0.248336677846855,-0.35078013545135,0,0,0.309595905063127,-0.544485795669577,-0.0416578301081305,0,0,-0.420987865298743,0,0.943079957426959,-0.352200737749918,-0.251721990453083
-0.0902907844098553,0,0,0,0.263940046914374,0.200775869329606,0.178333750253359,0.443112883501834,0,-0.358133607133318,0.498369387990025,0.113652665276403,0.349863142211262,0,-0.0687924320021699,-0.0621469706677186,0,0.25470982594578,0,-0.568966316755301,0.102547968939251,-0.0182786899242006,0.278515823525244,0,0.433071608588246,0,0.353581655388706,-0.169746225218431,0.457662216472013,-0.180822668184492,0.318101830971116,0,0.215556031356921,0,0,0,-0.099362354640702
0.225540306031312,0.41475578294104,0.274829047554424,0,-0.0265791058315989,0.205543352979422,-0.0485131025570704,-0.0341919969790328,0.381877756496867,-0.108404442011165,-0.073508822963052,0,0.300841565267334,-0.189820226491232,0.147702595717219,-0.276962475192506,0.355650755078801,0.163125631898469,0.272896042335477,-0.329758690000169,-0.634230567828517,0.24928449109738,0,0.158298267203991,0.290109609305522,0.315590711538433,0,0.263443562585076,0.182026945777358,0,0.222687005662628,0.250173958416295,0.178556988448014,0.314781255799498,0.28302519454156,0.275135484177836,0.314561663013605
0.0802619387979783,0.328573875814116,0.150678202512945,0.0824518143516721,0.0268960866602027,0.335720162776071,-0.0519632041149109,0.570901894220903,0.332458668244439,0.362060586349301,0.375520406855214,0.332277947500775,0.151981393755589,0.486992062589564,0.550107470675825,0.343415349600873,1.11451939228345,0.0203762024339726,0.178030960878834,0.261240398150346,-0.207093076252501,-0.0519435856871081,-0.329205037313003,0.277310148290588,0.0687508829297405,-0.208213415785046,0.147314736990275,0.491644688689122,0,0.193051786634671,0.176798797393553,0.112375320919906,-0.15998921303877,0.28001628516168,0.563772689102498,0,0.908082466339692
0,0,-0.520470666349969,0,0,-0.334601273058155,-0.626743130802048,0,-0.416083252831968,0,0,0.494981539914685,0,0.21160965904081,0,-0.0878282228484339,0.864278130697783,0.165067848017478,0.15554939969449,-0.608144505862985,-1.65276356832736,0,0,0,-0.467982955448317,0.0568696268628125,0,0.175618146717073,0,-0.496626426883138,-0.754087442426997,0,0.399150270916566,0,0,0,0
0.356992007492204,0,-0.0423106396931648,-0.0700107670620454,0.0738550043865506,0.693196745546052,0.58671094872719,-0.458564473395775,-0.264694980889185,0.0665282779848979,-0.803864877998284,0,0,0,0,-0.594783512411712,1.03046395117926,0.35584554555056,-0.266049586827663,0.443913757070309,1.3791984039532,0,-0.466601122428256,1.2950686760861,-0.712786461683742,-0.145931823364747,0.482896765957089,-0.178609157584915,0,-0.651983339567125,-0.193865456611043,0.516310658553192,0,-0.379797370349312,1.21445492526239,0.519002117075328,-0.0810714775994393
0,0,0,0,0,-0.288645284187401,0.0182879978027206,0.498908730595719,-0.758776090691693,0.144271986826041,0.32590504602495,0.3589200038219,0.244098563824884,-0.565379184280858,0.403111199391482,0.389564900125101,0,-0.311164684209557,0,0.429781617207892,0.637053665822596,0.245179419505033,0,-0.317081247386458,-0.148184348359353,0.131443890394971,-0.478103764203066,0.215521815582168,-0.325713056168125,0.572758092686116,0.522794032263909,0,0,0,0.372835013037506,0,0
0,0,-0.201458117470674,0,0,0.514922772320113,0.451505185411977,0.565209321320259,-0.341869273883658,0,-0.0590080992274764,0,0,0,0.870297368165062,-0.320287727854321,0,0,0,0.433487375080661,0.0953799396238698,0,-0.146539236603612,0.484618612923266,-0.0471382207656349,-0.0195422668998305,-0.412368089409671,-0.232423295710887,0.362050465097787,0.146735419484192,0,0,-0.470594270385882,0,0.309685451304611,0,0
-0.355220898509063,0.0247285433714948,0,0.486228703563266,0.95641779711051,0.936961371453903,0.810826964058215,0.730090144536998,-0.603313726903365,0,0.797978166467962,0.446424119382603,-0.093210657264817,0.0541371566035406,0.359795303248488,-0.47343599359184,-0.471725379528,-0.76383274466139,0.361763741920395,-0.723882270700184,-0.53683769302936,0.350505098640079,0.583584471622804,0.97073426738051,0,-0.238101866781991,0.157074262499463,0.705474034403488,0.754839205076178,0.52321247208743,0.789915913453151,0.481199102149017,-0.310531682874576,0.0965320560840062,0,-0.390814705942919,-0.434304178541003
-0.0242735932431359,0.882271231801576,0.340515028223957,-0.0342971993650013,0.384843167495554,-0.0888030581961145,0.00288547274046902,0.558562516378708,0.432886653494361,0.499232373741099,0.132097645744028,0.617575139087781,0.545429606616045,0.371158490273302,0.539691511458357,0.331813491583759,0.263842128257164,1.0036327717434,0.603787101281169,-0.0358457161345255,0.329451431966471,0.508027985787741,0.713772366407584,0.209395091848875,0.378142675619554,0.17954030909891,1.09660431876433,0.944143763166354,0.506144050393708,0.386820695887728,0.215872767367813,-0.00311890903760598,0,0.399106376475396,0.463740911185331,-0.0956414061463817,0.022643185713726
0.0949186182335388,-0.05932167948396,0.135539578733187,0,0.142947052102339,-0.16627833347405,0,0,-0.0801050225130955,-0.22785580818984,-0.0476966218381664,0.266073935879809,0.0313560106405379,-0.164700187646126,-0.167291057314943,0.326780005801222,0,0.322438031927434,0.218058846367285,0.320157520726525,0.254813664451072,0,0,-0.0937657944400306,0.031409101578604,0.126477632489693,0.110342764693566,-0.109453188039082,0,0.0179697171175824,0.261989921550215,0,-0.211006925375748,0.0247225137989611,0.0850368379499511,0.177185407976738,-0.343268439130592
-0.334662004828664,0.229613638756571,0,0,0,-0.210794671119524,0.0259510016955572,-0.37318840929327,-0.376348222851666,-0.0894369112492538,-0.441193960627976,0,0.543264174530461,0.0873255924394163,0.159272070021538,-0.486061476076749,-0.243614677218854,0.31696669476446,0.268003905193641,0,0,-0.374078338868298,0.207200938969693,-0.17663155222482,-0.141554827511152,-0.0412140601490395,-0.356859831439235,0,0.313915305056678,-0.0252299089957868,-0.440750661565788,0,0.142384657976371,0.216826123277527,0,0,-0.375935617963959
0,0,0.176925991414949,-0.615232103327723,0,1.41814767464558,1.02888689562813,0.159359978574472,0,-0.0211744337549695,-1.15227825549589,0,0,0,0,-1.32041195521495,0,0,0,0.122642915913328,0.876278578717592,0,0,0,0,0.347964095050851,-0.463945769444632,-0.61378165516311,0.51260208581549,0,-0.310069520638168,0.649482599060553,-0.45590642603009,-0.35052370082043,1.05137421876807,0,0
0.121126771044677,0,-0.392379186037644,0,0.720294177717778,0,0.254765112008315,0,0.231238774405542,0,-0.608405581293134,0,0.0130534477744532,0,0.264075093056901,0.0832746256814307,0,0.161124933992057,0,0.532518113827153,0.40213547473662,-0.389396627599404,-0.0524665025659167,0.436235658062776,-0.501579350403847,0,0.431599389973248,0.360677921500696,0,0.199815702911529,-0.327891883261505,0.413891947577304,0,-0.170080499330617,-0.297386290838983,0.00525691118810549,0.654294731832521
0,0,0,0,0,0.14783395176693,0.319365409609479,0,-0.235704772003265,0,0,0,-0.0398370930508102,-0.272488642858258,-0.533595541914124,0.127097758926353,0.337583792358584,0.0468790286216993,0.0905660968537114,0.821294853104366,1.44653073900304,0,0,0,-0.115437277582511,0,-0.480459889782695,0.240835408969555,0,-0.281643969779101,0,-0.261680726241434,-0.417988373872281,0,0,0,0.199204072377309
0,0,0.512204601516458,0,-0.686368705002561,0,-0.497071639535216,0,0,0,0,0.734251323465084,0.186431196889043,-0.476961726179552,-0.392060180459445,-0.617063916243005,0.219293259709215,0,0.423409682146103,-0.650126819827648,0.571809337023706,-0.63662228384689,-0.371299341493624,-0.993805253823351,0.248121374684129,0,0,0,0,-0.879158158129207,-2.22126753057025,-0.446441892161205,0.13143387539542,0,1.07717925572733,0,0
0,0.200625147766466,-0.414178305364292,0.152309427739021,0,0.316722005081343,0.23990701696265,0,0.338825539547179,-0.0153784249905148,0,-0.144881252219484,0.0349425318727519,0.0402224152949153,0.0769859548884846,-0.856056245364952,0.295837545878448,0.309153644947656,0,-1.04510184560302,0,-0.229850170334463,0,0.575211583748753,-0.199972757881204,-0.0800172147917054,-0.428218926391874,-0.136697781042899,0.0973558161375884,-0.42184848372142,0.0655033013297346,0.195368592783893,-0.67563765592208,0.117140829326725,-0.186121419537339,-0.0160957983460175,0.100579967633024
-0.175385285344549,-0.0122624990035275,-0.198094624804666,-0.0979895050934231,0.423942008225753,0.75020475046144,0.199927414259047,-0.0814038865137711,-0.220880546689194,-0.479103543859882,-0.171013218365472,-0.707301162916847,-0.173773708304377,0,0.389221543898515,-0.271377132422226,-0.00775562663438689,0.0281945739517469,0,0.43197704903334,0.972407334726366,-0.351929290287529,0.275301857777302,0.523145539530983,-0.116108322913225,-0.138114180479841,0.0387351501052347,0.430094899299729,-0.0212571944338907,0,-0.0328754501098091,0,-0.0134928626600098,-0.363958617766961,0.470517773511906,0,-0.343864733369988
0,-0.816071274596946,0,0,0,0,0,-0.641204047996943,0,0,-1.02001814780246,0,0,0,-1.2695173909962,0,0.355055131678741,0.614054773910715,0,0.412430021059963,-1.63254749402869,-1.05613080407035,0,0,0,0.386219573570634,0,0.39632717041235,0,0,0,0.430968974579865,0.113564472806875,0,-1.04654629181461,0.545828093628244,0.463731945306146
